nick,country,teams,maps_played,rounds_played,kd_difference,kd_ratio,total_kills,headshot_percentage,total_deaths,kills_per_round,deaths_per_round
ZywOo,France,"['Vitality', 'aAa']",970,25491,5917,1.38,21602,41.3,15685,0.85,0.62
s1mple,Ukraine,['Natus Vincere'],1532,40464,8864,1.34,34647,41.3,25783,0.86,0.64
sh1ro,Russia,"['Gambit Youngsters', 'Gambit']",847,22465,5361,1.45,17320,27.9,11959,0.77,0.53
deko,Russia,['1WIN'],378,10219,2225,1.37,8219,36.9,5994,0.8,0.59
Kaze,Malaysia,"['ViCi', 'Flash', 'MVP.karnal']",829,21617,4118,1.32,16957,30.3,12839,0.78,0.59
degster,Russia,"['Spirit', 'Espada']",661,17582,3226,1.3,13820,34.8,10594,0.79,0.6
smooya,United Kingdom,"['BIG', 'Movistar Riders', 'Epsilon']",860,22747,3775,1.27,17883,27.7,14108,0.79,0.62
sterling,New Zealand,"['Looking For Org', 'AVANT', 'Dire Wolves']",844,21625,3970,1.31,16815,31.5,12845,0.78,0.59
XANTARES,Turkey,"['Eternal Fire', 'Space Soldiers', 'BIG']",1725,45404,6135,1.2,36911,53.3,30755,0.81,0.68
torzsi,Hungary,"['MOUZ', 'Budapest Five', 'MOUZ NXT', 'Salamander']",428,11450,1822,1.26,8946,29.2,7124,0.78,0.62
DANK1NG,China,"['TYLOO', 'EHOME']",374,9935,1597,1.25,7867,39.7,6270,0.79,0.63
device,Denmark,"['Astralis', 'TSM']",1793,46666,7208,1.25,36293,35,29085,0.78,0.62
SENSEi,Ukraine,"['Run or Die', 'CR4ZY', 'Project X', 'Akuma']",427,11298,2090,1.33,8421,31.4,6331,0.75,0.56
NiKo,Bosnia and Herzegovina,"['G2', 'FaZe', 'MOUZ']",1596,42408,5428,1.19,33800,50.5,28372,0.8,0.67
BnTeT,Indonesia,"['TYLOO', 'Gen.G', 'EXTREMUM']",1016,26493,3841,1.23,20329,39.8,16488,0.77,0.62
coldzera,Brazil,"['SK', 'FaZe', 'Luminosity', 'MIBR']",1410,36822,5672,1.25,28326,49.4,22654,0.77,0.62
XigN,Korea,"['NKT', 'MVP PK', 'MVP Project']",694,17953,2392,1.2,14100,52.3,11708,0.79,0.65
Sico,New Zealand,"['Renegades', 'Grayhound', 'ORDER', 'Kings']",888,22524,3782,1.29,16985,35.2,13203,0.75,0.59
blameF,Denmark,"['Astralis', 'Complexity', 'Heroic', 'Epsilon']",834,22326,3429,1.25,16962,39.2,13533,0.76,0.61
KSCERATO,Brazil,['FURIA'],890,23120,3730,1.28,17117,49.6,13387,0.74,0.58
Benkai,Singapore,"['BOOT-d[S]', 'BOOT', 'dream[S]cape']",603,15560,2046,1.2,12164,46.7,10118,0.78,0.65
Jame,Russia,"['AVANGAR', 'Virtus.pro']",1154,30609,5191,1.31,22028,25.2,16837,0.72,0.55
XELLOW,Romania,['Nexus'],1054,27629,3258,1.18,21580,40.8,18322,0.78,0.66
Texta,Australia,"['Chiefs', 'Athletico', 'Dark Sided']",625,15713,1750,1.16,12510,40.3,10760,0.8,0.68
mhL,Poland,"['MOUZ NXT', 'AGO']",458,12268,1592,1.2,9397,28.4,7805,0.77,0.64
El1an,Russia,"['Entropiq', 'Winstrike', 'EPG']",1262,33663,4681,1.23,25346,27.2,20665,0.75,0.61
oskar,Czech Republic,"['MOUZ', 'SINNERS', 'HellRaisers']",1458,38450,4848,1.2,29326,30.5,24478,0.76,0.64
kennyS,France,"['G2', 'Envy', 'Titan']",1852,48898,6331,1.21,37067,31.2,30736,0.76,0.63
frozen,Slovakia,"['MOUZ', 'eXtatus']",1168,30540,3450,1.17,23231,54.8,19781,0.76,0.65
huNter-,Bosnia and Herzegovina,"['G2', 'Valiance', 'Binary Dragons']",1433,37829,4137,1.16,29347,49.4,25210,0.78,0.67
mantuu,Poland,"['OG', 'ALTERNATE aTTaX', 'PANTHERS']",682,18286,2345,1.21,13659,35.8,11314,0.75,0.62
yuurih,Brazil,['FURIA'],982,25589,3107,1.19,19381,44.4,16274,0.76,0.64
erkaSt,Mongolia,"['Grayhound', 'TIGER', 'Immunity']",859,22286,2504,1.17,17206,50.2,14702,0.77,0.66
Freeman,Hong Kong,"['ViCi', 'TYLOO', 'VG.Flash']",742,18909,2151,1.18,14338,49.3,12187,0.76,0.64
INS,Australia,"['Renegades', 'Chiefs', 'ORDER', 'Tainted Minds']",932,23654,2654,1.17,17975,42.4,15321,0.76,0.65
chelleos,New Zealand,"['Paradox', 'Rooster', 'madlikewizards']",559,14429,1455,1.15,11255,32,9800,0.78,0.68
vsm,Brazil,"['00NATION', 'DETONA']",533,14130,1485,1.16,10883,47,9398,0.77,0.67
woxic,Turkey,"['Eternal Fire', 'HellRaisers', 'MOUZ', 'DarkPassage']",1131,29650,3684,1.2,21900,32.3,18203,0.74,0.61
liTTle,Russia,"['forZe', 'RuSh3D', 'Spartak', 'Enso']",458,12159,1550,1.2,9317,27.7,7766,0.77,0.64
ropz,Estonia,['MOUZ'],1090,28804,3640,1.21,21373,51.7,17733,0.74,0.62
dream3r,Bulgaria,"['SKADE', 'E-frag.net', 'Fiend']",1233,32271,4176,1.21,24015,49.7,19839,0.74,0.61
kNgV-,Brazil,"['MIBR', 'INTZ']",827,21606,2406,1.17,16548,32.7,14142,0.77,0.65
Jamppi,Finland,"['SJ', 'ENCE']",503,13449,1408,1.16,10302,31.8,8894,0.77,0.66
wrath,United States,"['New Identity', 'Secret Club', 'BlackOut']",525,13568,1239,1.13,10634,50.1,9395,0.78,0.69
xsepower,Russia,"['K23', 'forZe']",1219,32700,4556,1.24,23591,24.9,19035,0.72,0.58
oSee,United States,"['Extra Salt', 'Singularity', 'Cloud9']",1067,27680,3361,1.19,20626,31.8,17265,0.75,0.62
PTC,Thailand,"['Lucid Dream', '5POWER']",476,12393,1408,1.18,9304,36.1,7896,0.75,0.64
GuardiaN,Slovakia,"['Natus Vincere', 'FaZe']",1568,41069,4811,1.19,30375,29.6,25564,0.74,0.62
Twistzz,Canada,"['FaZe', 'Liquid']",1336,35058,3874,1.18,25698,62.3,21824,0.73,0.62
NEOFRAG,Czech Republic,['SINNERS'],644,17257,1550,1.13,13155,49,11605,0.76,0.67
splashske,Singapore,"['BOOT-d[S]', 'HZ', 'BOOT', 'dream[S]cape']",722,18651,1811,1.15,14145,38.4,12334,0.76,0.66
dgt,Uruguay,['9z'],403,10643,1319,1.2,7848,49.7,6529,0.74,0.61
zorte,Russia,"['forZe', 'Unique']",684,18227,2218,1.2,13326,36.9,11108,0.73,0.61
ottoNd,Finland,"['HAVU', 'Valiance', 'CR4ZY', 'c0ntact']",853,22545,2631,1.19,16676,26.8,14045,0.74,0.62
FREDDyFROG,Sweden,"['Chaos', 'Red Reserve', 'Apeks', 'Japaleno', 'Galaxy Racer']",1207,32156,3616,1.18,23743,40.3,20127,0.74,0.63
Brehze,United States,"['Evil Geniuses', 'NRG']",1164,30296,2781,1.14,23029,52.4,20248,0.76,0.67
Infinite,United States,['Party Astronauts'],809,21112,1993,1.14,15744,50.9,13751,0.75,0.65
TenZ,Canada,"['Bad News Bears', 'ATK']",401,10399,839,1.12,7931,51.3,7092,0.76,0.68
f0rest,Sweden,"['Dignitas', 'NIP']",2083,54162,5669,1.16,40884,51.9,35215,0.75,0.65
CeRq,Bulgaria,"['Evil Geniuses', 'NRG', 'Outlaws']",1199,31114,3425,1.18,22812,27.9,19387,0.73,0.62
Olivia,Thailand,"['Beyond', 'Alpha Red', 'Signature']",634,16189,1565,1.15,12279,37,10714,0.76,0.66
poizon,Bulgaria,"['Complexity', 'Windigo', 'Bpro']",1101,29160,2855,1.15,21485,33.6,18630,0.74,0.64
mertz,Denmark,"['North Academy', 'Heroic', 'North', 'Nordavind', 'Singularity']",955,25333,2594,1.16,19077,32.5,16483,0.75,0.65
ekul,Australia,"['Paradox', 'SYF']",449,11608,1003,1.13,8845,36.6,7842,0.76,0.68
nawwk,Sweden,"['Apeks', 'GamerLegion', 'NIP', 'x6tence Galaxy']",855,22808,2649,1.19,16778,35.3,14129,0.74,0.62
WARDELL,Canada,"['Ghost', ""Bee's Money Crew"", 'Orgless']",609,15901,1648,1.17,11627,27.2,9979,0.73,0.63
swag,United States,"['Swole Patrol', 'Torqued', 'iBUYPOWER', 'Lazarus']",556,14447,1629,1.18,10527,49.5,8898,0.73,0.62
hades,Poland,"['ENCE', 'Wisla Krakow']",555,14898,1711,1.18,10992,29.8,9281,0.74,0.62
mir,Russia,"['Spirit', 'Vega Squadron', 'Gambit']",980,25665,2534,1.15,19402,52.2,16868,0.76,0.66
HEN1,Brazil,"['Immortals', 'FURIA', 'Luminosity']",1076,27940,3457,1.21,19719,28.6,16262,0.71,0.58
aliStair,Australia,"['Renegades', 'ORDER', 'Chiefs']",1043,26510,2838,1.17,19355,35.1,16517,0.73,0.62
h4rn,Bulgaria,"['FATE', 'Fiend']",511,13616,1525,1.18,9803,29.1,8278,0.72,0.61
Ax1Le,Russia,"['Gambit Youngsters', 'Gambit']",920,24383,2458,1.16,17753,48.9,15295,0.73,0.63
dumau,Brazil,"['GODSENT', 'Yeah']",432,11453,1265,1.18,8417,41.3,7152,0.73,0.62
Calyx,Turkey,"['Eternal Fire', 'Space Soldiers', 'DarkPassage']",1066,27822,2847,1.16,20404,56.9,17540,0.73,0.63
moose,Canada,"['eUnited', 'Rise Nation']",752,19559,1975,1.16,14503,44.1,12528,0.74,0.64
nython,Brazil,"['paiN', 'RED Canids', 'Paquetá']",477,12731,1272,1.15,9580,37.9,8308,0.75,0.65
xccurate,Indonesia,"['TYLOO', 'Recca', 'BTRG', 'NKT']",698,18113,1724,1.15,13334,31.2,11610,0.74,0.64
mixwell,Spain,"['OpTic', 'Movistar Riders']",840,21804,1911,1.13,16275,38.1,14364,0.75,0.66
allu,Finland,"['ENCE', 'NIP', 'FaZe']",1610,42162,4305,1.16,31240,28.6,26935,0.74,0.64
electroNic,Russia,"['Natus Vincere', 'FlipSid3']",1279,33752,3016,1.14,25165,50.5,22149,0.75,0.66
Farlig,Denmark,"['Copenhagen Flames', 'FunPlus Phoenix', 'GODSENT']",681,18202,1822,1.16,13265,33.4,11443,0.73,0.63
syrsoN,Germany,"['BIG', 'ALTERNATE aTTaX', 'Sprout']",1688,44789,4493,1.16,32760,29.6,28267,0.73,0.63
lollipop21k,Belarus,"['Nemiga', 'GoodJob']",1149,30740,2490,1.12,23157,49.2,20664,0.75,0.67
floppy,United States,"['Cloud9', 'Singularity']",791,20779,1735,1.13,15453,49.4,13718,0.74,0.66
PwnAlone,United States,"['Party Astronauts', 'New England Whalers', 'High Coast']",888,23148,2189,1.15,16836,31.8,14647,0.73,0.63
Spinx,Israel,"['ENCE', 'c0ntact']",405,10737,943,1.14,7918,56.9,6975,0.74,0.65
GeT_RiGhT,Sweden,['NIP'],1745,45030,4298,1.15,33271,49.3,28973,0.74,0.64
JUGi,Denmark,"['Heroic', 'OpTic', 'Tricked', 'North']",940,24427,2676,1.18,17527,27.8,14851,0.72,0.61
dexter,Australia,"['MOUZ', 'Grayhound', 'Renegades']",956,24578,2061,1.13,18309,48.8,16248,0.74,0.66
Cooper,United States,"['Swole Patrol', 'eUnited', 'Triumph']",752,19490,1968,1.16,14332,32.3,12364,0.74,0.63
Sonic,South Africa,"['Bravado', 'Extra Salt', 'Cloud9']",940,24238,2217,1.14,17758,46.6,15541,0.73,0.64
JOTA,Brazil,"['MIBR', 'Bravos', 'Keyd', 'Santos']",387,10061,930,1.14,7352,41.5,6422,0.73,0.64
zehN,Finland,"['GODSENT', 'HAVU', 'PENTA', 'FunPlus Phoenix']",1073,28305,2384,1.13,20665,46,18281,0.73,0.65
ZOREE,Finland,"['HAVU', 'iGame.com', 'SJ']",1656,43985,4449,1.16,31759,32.2,27310,0.72,0.62
NAF,Canada,"['Liquid', 'OpTic']",1543,40472,3959,1.16,29440,41.8,25481,0.73,0.63
gas,China,"['Wings Up', 'LGD', 'EDG', 'Aster']",445,11621,709,1.09,9038,60.3,8329,0.78,0.72
cynic,United States,"['Party Astronauts', 'Triumph']",625,16171,1541,1.15,11994,40.7,10453,0.74,0.65
ryx,United States,"['Echo Fox', 'Splyce', 'Ghost', 'Dignitas', 'Tempo Storm', 'Conquest']",491,12856,1181,1.14,9797,36.3,8616,0.76,0.67
mezii,United Kingdom,"['fnatic', 'Endpoint', 'GamerLegion', 'Cloud9', 'Vexed']",500,13551,1240,1.14,9829,49.8,8589,0.73,0.63
BL1TZ,Australia,"['Chiefs', 'Legacy', 'AVANT', 'Funky Monkeys']",732,18819,1628,1.13,13957,43,12329,0.74,0.66
ScreaM,Belgium,"['Envy', 'G2', 'Titan', 'VeryGames']",1430,37087,3105,1.13,27501,68.1,24396,0.74,0.66
EliGE,United States,['Liquid'],1582,41424,3014,1.11,31338,48.9,28324,0.76,0.68
HaZR,Australia,"['Looking For Org', 'AVANT', 'Breakaway', 'Dire Wolves']",767,19621,1331,1.1,14687,55.9,13356,0.75,0.68
faveN,Germany,"['Sprout', 'EURONICS']",1315,35117,3080,1.13,25954,54.4,22874,0.74,0.65
dennyslaw,Bulgaria,['SKADE'],1121,30168,2782,1.14,22051,31.4,19269,0.73,0.64
biguzera,Brazil,['paiN'],575,15308,1437,1.15,11066,51.3,9629,0.72,0.63
nex,Germany,"['BIG', 'MOUZ']",1074,28389,2435,1.13,21063,51.5,18628,0.74,0.66
fer,Brazil,"['SK', 'MIBR', 'Luminosity']",1391,36269,2767,1.11,27300,44.9,24533,0.75,0.68
k0nfig,Denmark,"['Dignitas', 'OpTic', 'Complexity', 'North']",1512,40027,2502,1.09,30190,55.8,27688,0.75,0.69
valde,Denmark,"['OG', 'North', 'Heroic']",1230,32676,2826,1.13,24018,46.8,21192,0.74,0.65
dupreeh,Denmark,"['Astralis', 'TSM']",1903,49550,4374,1.14,36431,50.6,32057,0.74,0.65
nukkye,Lithuania,"['Imperial', 'HellRaisers', 'NoChance']",592,15492,1330,1.13,11227,39.2,9897,0.72,0.64
Attacker,China,"['TYLOO', 'Flash']",1244,32013,2709,1.13,23926,46.4,21217,0.75,0.66
junior,United States,"['Complexity', 'Triumph', 'Bad News Bears', 'FURIA']",463,12120,1338,1.18,8596,29.3,7258,0.71,0.6
exit,Brazil,"['MIBR', 'Sharks']",696,17883,1848,1.17,12707,45.3,10859,0.71,0.61
Magisk,Denmark,"['Astralis', 'SK', 'Dignitas']",1361,35822,3210,1.14,25858,47.5,22648,0.72,0.63
Savage,China,"['VG.CyberZen', 'ViCi', 'CyberZen', '5POWER']",836,21434,1926,1.14,15647,37,13721,0.73,0.64
Machinegun,Mongolia,"['TheMongolz', 'Mazaalai', 'Splyce']",421,10714,671,1.09,8143,50,7472,0.76,0.7
DJOXiC,Serbia,"['Binary Dragons', 'iNation', 'Valiance']",489,12531,1204,1.15,9002,29.8,7798,0.72,0.62
Detrony,South Africa,['Bravado'],412,10449,862,1.13,7633,34.7,6771,0.73,0.65
Summer,China,"['TYLOO', 'Flash']",1251,32235,2836,1.14,23556,48.8,20720,0.73,0.64
Hatz,Australia,"['Renegades', 'ORDER', 'Kings']",933,23765,2055,1.14,17120,50.8,15065,0.72,0.63
keev,Germany,"['ALTERNATE aTTaX', 'BIG', 'KILLERFISH']",594,15524,1217,1.12,11408,29.1,10191,0.73,0.66
felps,Brazil,"['SK', 'GODSENT', 'Immortals', 'Tempo Storm']",998,25554,1601,1.09,19490,43.9,17889,0.76,0.7
draken,Sweden,"['Epsilon', 'NIP', 'Red Reserve']",1093,28857,2660,1.15,20821,31,18161,0.72,0.63
sergej,Finland,"['GORILLAZ', 'ENCE', 'HAVU']",776,20425,1816,1.14,14855,48.2,13039,0.73,0.64
pz,Australia,"['VERTEX', 'TRUCKERS WITH ATTITUDE', 'Airborne']",426,11132,949,1.14,7962,29.3,7013,0.72,0.63
ShahZaM,United States,"['Complexity', 'Misfits', 'Echo Fox', 'Conquest', 'OpTic']",966,25252,2058,1.13,18509,34,16451,0.73,0.65
jayzaR,Sweden,"['Valiance', 'Enyoy']",525,13870,953,1.1,10382,36.3,9429,0.75,0.68
FL1T,Russia,['forZe'],1214,32761,2768,1.13,24004,46.9,21236,0.73,0.65
Ryxxo,Denmark,"['Tricked', 'Singularity']",834,21932,1896,1.14,15729,33,13833,0.72,0.63
MICHU,Poland,"['Virtus.pro', 'Kinguin', 'CSGL']",1732,45397,3065,1.1,33874,50.7,30809,0.75,0.68
hAdji,France,"['LDLC', 'EnVyUs Academy', '3DMAX']",1128,29772,2241,1.11,21859,48.9,19618,0.73,0.66
Rickeh,Australia,"['ORDER', 'CLG', 'Rogue', 'Renegades']",948,24829,2351,1.15,17589,37.8,15238,0.71,0.61
ptr,United States,"['Bad News Bears', 'NRG', 'Complexity']",1132,29624,2697,1.15,20902,26,18205,0.71,0.61
slaxz-,Germany,"['Sprout', 'ALTERNATE aTTaX']",853,23053,1991,1.14,16323,29.6,14332,0.71,0.62
Impulse,Serbia,"['Valiance', 'ONYX', 'lvlUP', 'RESISTANCE']",766,20371,1598,1.12,14644,35.4,13046,0.72,0.64
dapr,United States,['eUnited'],594,15426,1002,1.1,11313,44.1,10311,0.73,0.67
nicoodoz,Denmark,['Copenhagen Flames'],695,18671,1729,1.15,13211,31.3,11482,0.71,0.61
YEKINDAR,Latvia,"['pro100', 'Virtus.pro', 'EPG']",1078,28645,1449,1.07,21415,59.2,19966,0.75,0.7
Liazz,Australia,"['Renegades', 'ORDER', '100 Thieves', 'Kings', 'Athletico', 'EXTREMUM']",964,24883,2106,1.14,17464,45.8,15358,0.7,0.62
meyern,Argentina,"['Furious', 'MIBR', 'Isurus', 'Sharks']",426,11104,711,1.1,8080,54.1,7369,0.73,0.66
NaToSaphiX,Denmark,"['Sprout', 'Nordavind']",948,25338,2439,1.16,17805,36.8,15366,0.7,0.61
shox,France,"['G2', 'Vitality', 'Envy']",1999,52420,3832,1.11,38385,48.8,34553,0.73,0.66
iDISBALANCE,Russia,"['Nemiga', 'Spirit']",856,22672,2039,1.14,16215,27,14176,0.72,0.63
autimatic,United States,"['Cloud9', 'Gen.G']",1166,30439,2245,1.11,22601,44.3,20356,0.74,0.67
fejtZ,Estonia,"['SMASH', 'ArchAngels']",735,19506,1358,1.1,14402,46,13044,0.74,0.67
jks,Australia,"['Renegades', 'Complexity', '100 Thieves']",1183,30912,2347,1.12,21807,52.9,19460,0.71,0.63
smike,Ukraine,"[""spray'n'pray"", 'pro100', 'ACG', 'eXplosive', 'k1ck']",480,12461,655,1.08,9299,33.1,8644,0.75,0.69
NikoM,Argentina,"['TeamOne', 'Isurus', 'DETONA']",475,12189,864,1.11,8906,46.3,8042,0.73,0.66
trk,Brazil,"['TeamOne', 'MIBR']",790,20690,1485,1.11,15052,48.2,13567,0.73,0.66
hallzerk,Norway,"['Dignitas', 'Nordavind']",746,20275,1405,1.11,14681,34.1,13276,0.72,0.65
dycha,Poland,"['ENCE', 'Sprout', 'Aristocracy']",766,20522,1244,1.09,15005,53.8,13761,0.73,0.67
xand,Brazil,"['INTZ', 'Yeah']",515,13210,875,1.1,9681,50.2,8806,0.73,0.67
paz,Turkey,"['Space Soldiers', 'Sangal']",1068,27990,1998,1.11,20217,51.2,18219,0.72,0.65
CRUC1AL,Netherlands,"['Endpoint', 'Epsilon']",1461,38299,2796,1.11,27614,28.9,24818,0.72,0.65
InfrequeNt,Australia,"['Athletico', 'Tainted Minds', 'Chiefs']",479,12350,920,1.11,8937,33.8,8017,0.72,0.65
HObbit,Kazakhstan,"['Gambit', 'Winstrike']",1147,30237,2223,1.11,21968,46.6,19745,0.73,0.65
boltz,Brazil,"['Immortals', 'Luminosity', 'SK', 'MIBR']",1259,32756,2605,1.13,23379,39.4,20774,0.71,0.63
EspiranTo,Lithuania,"['Imperial', 'Valiance', 'CR4ZY', 'c0ntact']",871,22800,1316,1.08,16973,59.9,15656,0.74,0.69
WorldEdit,Russia,"['FlipSid3', 'pro100', 'Winstrike']",1328,34716,2476,1.11,25226,28,22750,0.73,0.66
QKA,China,"['5POWER', 'UYA', 'BOOT']",402,10409,702,1.1,7690,40.4,6988,0.74,0.67
FalleN,Brazil,"['SK', 'MIBR', 'Luminosity']",1538,40215,3654,1.15,27904,30.8,24250,0.69,0.6
somebody,China,['TYLOO'],1253,32437,2141,1.1,23702,45.8,21561,0.73,0.66
Brollan,Sweden,"['fnatic', 'GODSENT']",967,25710,1506,1.09,18732,52.5,17226,0.73,0.67
shroud,Canada,['Cloud9'],676,17460,1311,1.12,12588,52.9,11277,0.72,0.65
Pimp,Denmark,"['Dignitas', 'SK', 'Liquid', 'CPH Wolves']",976,25052,2016,1.13,18116,46.6,16100,0.72,0.64
fame,Russia,"['K23', 'SG.pro']",491,13123,854,1.1,9589,57.6,8735,0.73,0.67
hardzao,Brazil,"['paiN', 'DETONA']",655,17219,1454,1.14,12073,47.1,10619,0.7,0.62
anarkez,Israel,"['Finest', 'Secret']",666,17822,1223,1.11,12819,30.8,11596,0.72,0.65
roeJ,Denmark,"['Copenhagen Flames', 'MAD Lions', 'Tricked']",865,22846,1395,1.09,17051,55.5,15656,0.75,0.69
shz,Brazil,"['Luminosity', 'Imperial', 'MIBR', 'INTZ', 'BOOM']",794,20588,1444,1.11,14776,51.2,13332,0.72,0.65
chelo,Brazil,"['MIBR', 'INTZ', 'Luminosity']",872,22547,1412,1.1,16149,60.9,14737,0.72,0.65
DD,China,"['TYLOO', 'OneThree']",913,23620,1521,1.1,17368,41.9,15847,0.74,0.67
broky,Latvia,"['FaZe', 'Epsilon']",656,17484,1484,1.14,12148,38.6,10664,0.69,0.61
NikkeZ,Australia,"['Ground Zero', 'Athletico', 'Legacy']",399,10276,556,1.08,7677,46.5,7121,0.75,0.69
snatchie,Poland,"['AGO', 'Virtus.pro', 'Sprout']",1548,41527,2472,1.09,30062,29.3,27589,0.72,0.66
zhokiNg,China,"['ViCi', 'VG.CyberZen']",1197,30537,1457,1.07,22986,51,21529,0.75,0.71
ofnu,New Zealand,"['Tainted Minds', 'Chiefs', 'AVANT', 'Winterfox']",852,21778,1380,1.1,15793,48.9,14413,0.73,0.66
AnJ,Denmark,"['NRG', 'Singularity', 'Tricked']",403,10503,763,1.11,7530,50.7,6767,0.72,0.64
Ethan,United States,"['NRG', 'CLG', 'Evil Geniuses']",986,25998,1488,1.09,18853,49.4,17365,0.73,0.67
Happy,France,"['Envy', 'LDLC']",1464,37933,2745,1.11,28022,41.2,25277,0.74,0.67
acoR,Denmark,"['Tricked', 'North Academy', 'MAD Lions', 'MOUZ']",1057,27637,1982,1.11,19475,38.1,17493,0.7,0.63
b1t,Ukraine,"['Natus Vincere', 'NAVI Junior']",420,11153,806,1.11,7855,68.4,7049,0.7,0.63
SHiPZ,Bulgaria,"['SKADE', 'Windigo']",1645,43845,2140,1.07,32404,50,30264,0.74,0.69
COLDYY1,Ukraine,['Spirit'],947,24917,1718,1.11,17902,55.1,16184,0.72,0.65
flying,China,['Invictus'],393,10502,548,1.08,7736,50.7,7188,0.74,0.68
SLOWLY,China,"['TYLOO', 'EHOME']",523,13867,679,1.07,10108,59.4,9429,0.73,0.68
Valiance,Australia,"['ORDER', 'Paradox']",646,16727,1090,1.1,11723,51.5,10633,0.7,0.64
Skadoodle,United States,['Cloud9'],1047,27129,2458,1.15,18365,24.8,15907,0.68,0.59
pancc,Brazil,"['W7M', 'Sharks']",581,15327,787,1.08,11087,53.6,10300,0.72,0.67
b4rtiN,Brazil,"['GODSENT', 'TeamOne']",512,13404,869,1.1,9496,55.3,8627,0.71,0.64
koosta,United States,"['CLG', 'Ghost', 'Gen.G', 'Enemy']",977,25766,1341,1.08,18522,37.3,17181,0.72,0.67
Maka,France,"['Heretics', 'LDLC', '3DMAX']",1175,31236,2062,1.1,22108,36,20046,0.71,0.64
suNny,Finland,"['ENCE', 'MOUZ', 'PENTA']",1311,34560,1609,1.07,25460,47.4,23851,0.74,0.69
tucks,Australia,['Chiefs'],718,18208,1227,1.1,12952,43.9,11725,0.71,0.64
TOR,Thailand,"['Signature', 'Beyond']",452,11472,657,1.09,8271,28.9,7614,0.72,0.66
olofmeister,Sweden,"['fnatic', 'FaZe']",1560,40776,2696,1.1,29037,46.6,26340,0.71,0.65
malbsMd,Guatemala,"['TeamOne', 'Infinity']",525,13434,369,1.04,10096,62.9,9727,0.75,0.72
nexa,Serbia,"['G2', 'Valiance', 'Imperial']",1231,32586,2160,1.1,22808,51,20648,0.7,0.63
Gratisfaction,New Zealand,"['Grayhound', 'Renegades', '100 Thieves', 'Immunity', 'EXTREMUM']",897,23347,1689,1.12,16191,31.9,14502,0.69,0.62
KEi,Poland,"['AVEZ', 'Anonymo', 'Sprout']",633,17036,650,1.05,12649,46.4,11999,0.74,0.7
REDSTAR,Bulgaria,"['Fiend', 'Bpro']",614,16301,1143,1.11,11529,48.3,10386,0.71,0.64
rallen,Poland,"['Kinguin', 'AGO']",1745,46592,2994,1.1,33560,43,30566,0.72,0.66
Sobol,Poland,"['Wisla Krakow', 'PACT']",775,20957,1121,1.08,15028,52.1,13902,0.72,0.66
bottle,China,"['Invictus', 'Born Of Fire', 'Eclipse', '5POWER', 'CyberZen']",768,19801,871,1.06,14489,56.8,13618,0.73,0.69
iM,Romania,"['GamerLegion', 'Nexus']",763,20486,842,1.06,15153,48.7,14311,0.74,0.7
tabseN,Germany,"['BIG', 'PENTA', 'MOUZ']",1906,50299,1566,1.04,36872,48.9,35306,0.73,0.7
ISSAA,Jordan,"['HellRaisers', 'OG']",870,22834,1402,1.09,16229,55.5,14827,0.71,0.65
zeph,Australia,"['ORDER', 'Chiefs', 'Ground Zero']",555,14146,585,1.06,10452,48.7,9867,0.74,0.7
Rainwaker,Bulgaria,['SKADE'],1077,29055,1848,1.1,20281,42.5,18433,0.7,0.63
JW,Sweden,['fnatic'],1930,50719,2512,1.07,37047,36.6,34535,0.73,0.68
Ramz1kBO$$,Kazakhstan,"['Tengri', 'Syman']",425,11070,553,1.07,8110,33.8,7557,0.73,0.68
TeSeS,Denmark,"['Heroic', 'Copenhagen Flames']",799,21344,1033,1.07,15351,55.3,14318,0.72,0.67
HZ,China,"['TYLOO', 'CyberZen', 'AllGamers']",500,12856,691,1.08,9305,49.4,8614,0.72,0.67
cajunb,Denmark,"['North', 'TSM', 'OpTic', 'Dignitas']",1745,45680,2884,1.1,31980,41,29096,0.7,0.64
mou,Kazakhstan,"['Gambit', 'K23', 'HellRaisers', 'Syman']",1489,39475,2484,1.1,28048,28,25564,0.71,0.65
juanflatroo,Kosovo,"['BLINK', 'Secret']",532,14210,416,1.04,10762,57.2,10346,0.76,0.73
Grim,United States,"['Liquid', 'Triumph', 'Dignitas', 'Spacestation']",870,22901,783,1.05,16450,47.9,15667,0.72,0.68
sdy,Ukraine,['Spirit'],1054,27638,1872,1.11,19254,50.8,17382,0.7,0.63
KRIMZ,Sweden,['fnatic'],1772,46627,3043,1.1,32732,40.8,29689,0.7,0.64
Marcelious,Norway,"['Apeks', '777', 'NOREG']",464,12520,627,1.08,8902,31.2,8275,0.71,0.66
yay,United States,"['Complexity', 'Orgless']",653,17182,604,1.05,12452,46.7,11848,0.72,0.69
Qikert,Kazakhstan,"['AVANGAR', 'Virtus.pro']",1234,32625,1982,1.09,22914,56.4,20932,0.7,0.64
refrezh,Denmark,"['Heroic', 'Fragsters', 'Copenhagen Flames', 'Tricked', 'OpTic']",953,25375,1383,1.08,17918,49.4,16535,0.71,0.65
SicK,United States,"['Rogue', 'Misfits', 'TSM']",795,20701,1040,1.07,15002,49.8,13962,0.72,0.67
NEEX,Poland,"['Izako Boars', 'ESC']",429,11195,574,1.08,8076,31.3,7502,0.72,0.67
Aerial,Finland,"['HAVU', 'ENCE']",941,24972,1215,1.07,17881,41.6,16666,0.72,0.67
stavn,Denmark,"['Heroic', 'Fragsters']",1088,28991,1373,1.07,21088,43.1,19715,0.73,0.68
loWel,Spain,"['Movistar Riders', 'PENTA', 'MOUZ']",1008,26413,1739,1.1,18549,47.5,16810,0.7,0.64
Flarich,Latvia,"['HellRaisers', 'pro100']",1058,28161,1801,1.1,19389,55.2,17588,0.69,0.62
raafa,Brazil,"['W7M', 'Keyd']",640,16832,1092,1.1,11650,27.4,10558,0.69,0.63
Zellsis,United States,"['Swole Patrol', 'Lazarus']",626,16210,803,1.07,11657,46.4,10854,0.72,0.67
flusha,Sweden,['fnatic'],1868,49019,2712,1.08,34701,42,31989,0.71,0.65
WolfY,United States,"['ECSTATIC', 'Lyngby Vikings', 'Secret Club']",527,14037,993,1.11,9766,34.7,8773,0.7,0.62
rommi,Russia,"['Spirit Academy', 'HOLLYWOOD', 'PLINK', '1337']",516,13467,604,1.06,9899,50.8,9295,0.74,0.69
Bwills,United States,"['Triumph', 'Infamous']",747,19299,925,1.07,13698,51.4,12773,0.71,0.66
cadiaN,Denmark,"['Heroic', 'Rogue', 'SK']",1443,38127,2478,1.1,26511,27.6,24033,0.7,0.63
kabal,Mongolia,"['5POWER', 'TheMongolz', 'TIGER']",771,20216,1111,1.08,14338,46,13227,0.71,0.65
malta,Australia,"['Grayhound', 'Chiefs', 'Renegades']",989,25205,1445,1.09,17507,39.7,16062,0.69,0.64
MarKE,Mexico,"['Extra Salt', 'eUnited', 'Swole Patrol']",926,23830,1348,1.09,16750,53.1,15402,0.7,0.65
Swahn,United States,"['Bad News Bears', 'iNTACT', 'Detonate', 'Bushido Boyz']",374,9836,558,1.09,6902,25.5,6344,0.7,0.64
Kjaerbye,Denmark,"['North', 'Dignitas', 'Astralis']",1519,39947,2110,1.08,28410,52.9,26300,0.71,0.66
afro,France,"['HEET', 'DBL PONEY', 'LDLC']",547,14615,806,1.09,10077,35.3,9271,0.69,0.63
FASHR,Netherlands,"['ECSTATIC', 'Lyngby Vikings', 'Defusekids']",689,18214,641,1.05,13083,49,12442,0.72,0.68
n0rb3r7,Russia,"['K23', 'Winstrike', 'Syman']",1049,28055,829,1.04,20194,50.8,19365,0.72,0.69
DavCost,Russia,"['INDE IRAE', 'Spirit', '1WIN']",1249,32934,1838,1.09,23087,32.5,21249,0.7,0.65
zewsy,New Zealand,"['Tainted Minds', 'Chiefs', 'Winterfox']",618,15666,667,1.06,11142,41,10475,0.71,0.67
STOMP,Poland,"['x-kom', 'Izako Boars', 'Illuminar', 'HONORIS']",809,21729,1329,1.1,15139,26.1,13810,0.7,0.64
aumaN,China,['ViCi'],874,22423,1183,1.08,15892,41.7,14709,0.71,0.66
jkaem,Norway,"['Apeks', 'Renegades', 'FaZe', '100 Thieves']",1280,33769,1105,1.05,24647,51.6,23542,0.73,0.7
Snakes,United States,"['Spacestation', 'The Quest', 'SoaR']",403,10328,461,1.07,7287,43.3,6826,0.71,0.66
Hiko,United States,"['Liquid', 'Rogue']",937,24398,1532,1.1,16611,53.9,15079,0.68,0.62
Geniuss,Thailand,"['Signature', 'Beyond', 'Lucid Dream']",398,10155,309,1.04,7345,56.4,7036,0.72,0.69
Snax,Poland,"['Virtus.pro', 'Anonymo']",2103,55469,2796,1.08,39086,36.5,36290,0.7,0.65
KHTEX,Brazil,"['Paquetá', 'Wild', 'Virtue']",607,15652,890,1.09,10950,45.5,10060,0.7,0.64
Lucky,Denmark,"['Tricked', 'Astralis']",434,11721,670,1.09,8079,40.5,7409,0.69,0.63
HSK,Korea,"['MVP PK', 'MVP Project', 'GOSU']",540,13851,845,1.1,9678,31.1,8833,0.7,0.64
motm,United States,"['ATK', 'Cloud9']",906,23901,867,1.05,17181,51,16314,0.72,0.68
fnx,Brazil,"['Imperial', 'Luminosity', 'SK', 'Immortals', 'RED Canids', 'Não Tem Como']",644,16496,853,1.08,11678,49.7,10825,0.71,0.66
imoRR,Turkey,"['Eternal Fire', 'Sangal', 'Royal Bandits']",603,16095,279,1.02,11800,50.9,11512,0.73,0.71
twist,Sweden,"['GODSENT', 'fnatic', 'NIP']",1683,44551,1772,1.06,31654,41.3,29882,0.71,0.67
Bubzkji,Denmark,"['Tricked', 'Fragsters', 'MAD Lions', 'Astralis']",817,21619,963,1.07,15534,50.8,14571,0.72,0.67
buster,Kazakhstan,"['AVANGAR', 'Virtus.pro']",1240,32769,1988,1.1,22339,47.9,20351,0.68,0.62
eraa,Sweden,['GamerLegion'],556,15093,700,1.07,10697,33.2,9997,0.71,0.66
ANDROID,Canada,"['Complexity', 'Envy']",835,21741,1036,1.07,15394,50.7,14358,0.71,0.66
LOVEYY,China,"['Flash', 'VG.CyberZen', 'VG.Flash']",708,17977,699,1.06,12939,52,12240,0.72,0.68
Kntz,Thailand,"['Alpha Red', 'Beyond', 'NSPR']",498,12821,637,1.08,9085,47.3,8448,0.71,0.66
Maden,Montenegro,"['ENCE', 'GODSENT', 'FunPlus Phoenix', 'SMASH']",652,17364,430,1.04,12632,51.5,12202,0.73,0.7
Lucky,France,"['Heretics', 'DBL PONEY', 'G2', '3DMAX']",1180,31516,1508,1.07,21748,41.5,20240,0.69,0.64
Davidp,Belgium,"['3DMAX', 'Heretics']",774,20539,1009,1.08,14255,39.7,13246,0.69,0.64
tb,China,"['VG.CyberZen', 'CyberZen', 'ViCi']",619,15737,708,1.07,11088,49.9,10380,0.7,0.66
dEE,Serbia,"['lvlUP', '4glory', 'Juggernauts', 'BLUEJAYS']",439,11583,551,1.07,8169,33.5,7618,0.71,0.66
tarik,United States,"['CLG', 'Evil Geniuses', 'Cloud9', 'OpTic']",1438,37326,1316,1.05,26620,37.8,25304,0.71,0.68
land1n,Brazil,"['paiN', 'Wild', 'Case', 'BigGods']",758,19824,1181,1.1,13320,31,12139,0.67,0.61
F1KU,Poland,['AGO'],576,15684,412,1.04,11046,55,10634,0.7,0.68
dobu,Mongolia,"['5POWER', 'TIGER', 'TheMongolz']",768,20107,640,1.05,14386,54.5,13746,0.72,0.68
REZ,Sweden,"['NIP', 'Epsilon']",1323,34821,1298,1.06,24506,49.5,23208,0.7,0.67
rAge,Ukraine,"['Hard Legion', 'Windigo Academy']",382,10184,684,1.11,6850,31.8,6166,0.67,0.61
NK4Y,Bulgaria,"['Outlaws', 'Bpro', 'ex-Epsilon']",480,12325,429,1.05,8697,62.1,8268,0.71,0.67
sjuush,Denmark,"['Heroic', 'Tricked', 'MAD Lions']",793,20961,926,1.07,14395,52.6,13469,0.69,0.64
JUST,Portugal,"['SAW', 'OFFSET']",855,22511,826,1.06,15585,55.3,14759,0.69,0.66
USTILO,Australia,"['Renegades', 'ORDER']",1144,29584,928,1.05,20847,46,19919,0.7,0.67
Subroza,Canada,"['Ghost', 'FRENCH CANADIANS', 'CLG', 'Lazarus', 'Orgless']",623,16275,375,1.03,11748,48.4,11373,0.72,0.7
TRAVIS,Russia,['1WIN'],482,12848,405,1.05,9024,54.7,8619,0.7,0.67
JonY BoY,Argentina,"['Gale Force', 'Miami Flamingos', 'Furious', 'Isurus']",418,10732,384,1.05,7530,34.8,7146,0.7,0.67
max,Uruguay,"['9z', 'Isurus', 'Furious']",538,14230,608,1.06,9999,45.8,9391,0.7,0.66
juho,Finland,"['ENCE', 'iGame.com']",753,19812,268,1.02,14492,45.7,14224,0.73,0.72
DannyG,Australia,"['Rooster', 'Paradox']",377,9748,294,1.04,6994,46.5,6700,0.72,0.69
yam,Australia,"['Renegades', 'Tainted Minds']",547,14003,650,1.07,9755,34.6,9105,0.7,0.65
fleav,Hungary,"['Budapest Five', 'GameAgents']",548,14421,344,1.03,10494,40.5,10150,0.73,0.7
alex,Spain,['Movistar Riders'],1265,33492,1417,1.06,23291,45.8,21874,0.7,0.65
Relaxa,Sweden,"['Chaos', 'Red Reserve', 'Japaleno', 'Apeks', 'Galaxy Racer']",1203,32043,1945,1.1,21475,30.2,19530,0.67,0.61
Lucaozy,Brazil,"['Sharks', 'DETONA', 'Reapers']",387,10504,443,1.06,7353,50.7,6910,0.7,0.66
znajder,Sweden,"['GODSENT', 'fnatic', 'EURONICS']",1050,27577,1070,1.06,19778,47.9,18708,0.72,0.68
DEV7L,Czech Republic,['eXtatus'],549,14256,582,1.06,9988,34.2,9406,0.7,0.66
AiyvaN,Ukraine,"['pro100', ""spray'n'pray""]",694,18045,592,1.05,12635,37.8,12043,0.7,0.67
DiMKE,Serbia,"['4glory', 'lvlUP', 'RESISTANCE', 'ONYX']",635,16721,506,1.04,11835,46.9,11329,0.71,0.68
captainMo,China,"['TYLOO', 'OneThree']",814,20980,617,1.04,14956,40.2,14339,0.71,0.68
phzy,Sweden,"['Young Ninjas', 'NIP']",447,12013,620,1.08,8129,28.9,7509,0.68,0.63
KENSI,Russia,"['forZe', 'ex-ETHEREAL']",476,12789,637,1.08,8718,55.3,8081,0.68,0.63
rain,Norway,['FaZe'],1569,41489,857,1.03,29498,56.2,28641,0.71,0.69
Thomas,United Kingdom,['Endpoint'],921,24470,849,1.05,17428,41.5,16579,0.71,0.68
stfN,Germany,['ALTERNATE aTTaX'],1349,35834,1458,1.06,24872,46.5,23414,0.69,0.65
Spargo,Finland,"['KOVA', 'hREDS']",433,11725,380,1.05,8165,32.9,7785,0.7,0.66
RCF,Brazil,"['Sharks', 'Yeah', 'High Coast']",643,16851,550,1.05,11965,43.3,11415,0.71,0.68
kressy,Germany,"['ALTERNATE aTTaX', 'Sprout', 'EURONICS']",1102,29508,1165,1.06,20337,47.9,19172,0.69,0.65
Patitek,Poland,"['Izako Boars', 'x-kom', 'VenatoreS']",377,9918,178,1.03,7153,51.6,6975,0.72,0.7
shuadapai,China,"['5POWER', 'Eclipse']",549,14214,492,1.05,9880,52.4,9388,0.7,0.66
aizy,Denmark,"['North', 'Dignitas', 'FaZe']",1564,41206,1170,1.04,28807,50.4,27637,0.7,0.67
cxzi,United States,"['Triumph', 'Strife']",423,10971,113,1.01,7988,37.9,7875,0.73,0.72
FrostMisty,Indonesia,"['Recca', 'nxl']",376,9498,411,1.07,6710,41.8,6299,0.71,0.66
fl0m,United States,['Mythic'],655,17274,646,1.06,12087,29.8,11441,0.7,0.66
RIKO,United States,"['Monstars', 'Denial']",406,10568,155,1.02,7573,52.7,7418,0.72,0.7
Forester,Russia,"['Entropiq', 'DreamEaters', 'Hard Legion']",1169,31054,1053,1.05,21565,53.8,20512,0.69,0.66
dennis,Sweden,"['Apeks', 'fnatic', 'NIP', 'GamerLegion']",1575,41834,1140,1.04,29842,54.4,28702,0.71,0.69
food,United States,"['eUnited', 'Singularity', 'Freedom 35']",456,11711,380,1.05,8248,50.2,7868,0.7,0.67
FaNg,Canada,['Extra Salt'],629,16396,540,1.05,11628,56,11088,0.71,0.68
flamie,Russia,['Natus Vincere'],1601,42283,1389,1.05,29497,54.5,28108,0.7,0.66
Patsi,Russia,"['Spirit', 'Espada', 'Spirit Academy']",487,13044,267,1.03,9244,45.1,8977,0.71,0.69
glowiing,Russia,"['1WIN', 'Trident', 'Cyber Legacy']",477,12701,186,1.02,9120,55.4,8934,0.72,0.7
pashaBiceps,Poland,"['Virtus.pro', 'ESC']",1592,41228,1019,1.04,29501,37.3,28482,0.72,0.69
hoody,Finland,['HAVU'],575,15453,402,1.04,10871,49.6,10469,0.7,0.68
CyberFocus,Belarus,"['Nemiga', 'K29', 'Rebels', 'Empire']",491,12779,320,1.04,9080,29.7,8760,0.71,0.69
Maluk3,Brazil,['TeamOne'],1024,26554,1139,1.07,18315,29.2,17176,0.69,0.65
kai,Brazil,"['Bravos', 'C4', 'RED Canids']",483,12692,415,1.05,8814,35.3,8399,0.69,0.66
Krad,Russia,"['Entropiq', 'DreamEaters', 'Hard Legion']",1137,30234,703,1.03,21101,48.7,20398,0.7,0.67
sLowi,Finland,['HAVU'],1119,30068,841,1.04,20905,51.6,20064,0.7,0.67
HexT,Canada,"['Carpe Diem', 'RBG']",461,12242,316,1.04,8686,50.2,8370,0.71,0.68
smiley,Kazakhstan,"['Unique', '100PG', 'Se7en']",478,12883,631,1.08,8764,28.8,8133,0.68,0.63
niko,Denmark,"['OG', 'Heroic', 'OpTic']",1211,32024,1078,1.05,22111,49.4,21033,0.69,0.66
AMANEK,France,"['G2', 'LDLC', 'Misfits']",1030,27668,1199,1.07,18691,45.2,17492,0.68,0.63
dragonfly,Denmark,['Fragsters'],507,13234,502,1.06,9094,25.1,8592,0.69,0.65
szejn,Poland,"['MOUZ NXT', 'Izako Boars']",505,13478,275,1.03,9375,51.7,9100,0.7,0.68
kolor,Hungary,"['Budapest Five', 'GameAgents', 'EURONICS']",552,14434,304,1.03,10220,27.7,9916,0.71,0.69
JDC,Germany,"['MOUZ NXT', 'expert', 'Unicorns of Love', 'PANTHERS']",471,12350,324,1.04,8625,51.4,8301,0.7,0.67
NBK-,France,"['Envy', 'G2', 'Vitality', 'OG', 'VeryGames']",2050,53613,1331,1.04,37151,53.7,35820,0.69,0.67
DeStiNy,Brazil,"['Luminosity', 'Paquetá', 'INTZ', 'Wild']",1050,27280,470,1.02,19569,50.8,19099,0.72,0.7
jdm64,United States,"['Liquid', 'CLG', 'Envy']",823,21321,825,1.06,14626,23.6,13801,0.69,0.65
HS,Estonia,"['Nordavind', 'PENTA']",1060,28352,407,1.02,20155,49.3,19748,0.71,0.7
bondik,Ukraine,"['HellRaisers', 'FlipSid3', 'Winstrike']",1454,38215,1456,1.06,26353,47.7,24897,0.69,0.65
MonttY,Slovakia,"['eXtatus', 'eSuba']",522,13451,338,1.04,9507,46.6,9169,0.71,0.68
mouz,Poland,"['Kinguin', 'Illuminar']",1696,45068,1744,1.06,31019,50.2,29280,0.69,0.65
FANAT ROCKA,Russia,"['Unique', 'Quantum Bellator Fire', 'Space Jam']",465,12150,453,1.06,8262,27.1,7809,0.68,0.64
disco doplan,Sweden,"['GODSENT', 'Epsilon', 'Galaxy Racer', 'Red Reserve']",1207,32000,1094,1.05,22193,43.9,21099,0.69,0.66
Tuurtle,Brazil,"['MIBR', 'DETONA', 'Bravos', 'C4']",707,18579,469,1.04,13040,54.9,12571,0.7,0.68
Nico,Denmark,"['Dignitas', 'CPH Wolves', 'Western Wolves']",399,10074,547,1.09,6738,26,6191,0.67,0.61
NENO,North Macedonia,"['Binary Dragons', 'Valiance']",647,16756,643,1.06,11634,42.4,10991,0.69,0.66
qqGOD,Thailand,"['Signature', 'Beyond', 'Lucid Dream']",584,15180,280,1.03,10674,40.9,10394,0.7,0.68
Plopski,Sweden,"['NIP', 'x6tence Galaxy', 'Singularity']",994,26350,872,1.05,18315,41.6,17443,0.7,0.66
Xyp9x,Denmark,"['Astralis', 'TSM']",1934,50382,2364,1.08,33274,41.6,30910,0.66,0.61
MoeycQ,Australia,"['Immunity', 'Chiefs', 'Ground Zero', 'AVANT']",639,16594,410,1.04,11650,36.9,11240,0.7,0.68
Spongey,United States,"['Bad News Bears', 'Triumph', 'The Quest']",782,20344,1000,1.08,13495,50.7,12495,0.66,0.61
v1c7oR,Bulgaria,"['Windigo', 'E-frag.net', 'Fiend']",1859,48493,1212,1.04,33791,46.3,32579,0.7,0.67
apEX,France,"['Vitality', 'Envy', 'G2', 'Titan']",1953,51220,717,1.02,36577,51.8,35857,0.71,0.7
spaze,Russia,"['PiTER', 'Gambit', 'EPG']",538,14117,89,1.01,10281,52,10192,0.73,0.72
Goofy,Poland,"['Wisla Krakow', 'PACT', 'x-kom']",1101,29782,358,1.02,21027,41.2,20678,0.71,0.69
b0denmaster,Sweden,"['ATK', 'Lilmix']",489,13074,410,1.05,8954,33.7,8544,0.68,0.65
mar,Bulgaria,"['FATE', 'Finest']",724,19174,441,1.03,13419,48.5,12978,0.7,0.68
Ace,United States,"['Rise Nation', 'eUnited']",456,11866,570,1.08,7922,31.4,7352,0.67,0.62
Markoś,Poland,"['AVEZ', 'Wisla Krakow']",666,17918,799,1.07,12079,29.6,11280,0.67,0.63
dimasick,Kazakhstan,"['AVANGAR', 'pro100']",585,15322,447,1.04,10747,49.1,10300,0.7,0.67
yel,Brazil,"['Luminosity', 'INTZ', 'MIBR']",927,23986,1043,1.07,16210,29.8,15167,0.68,0.63
iDk,Brazil,"['TeamOne', 'Paquetá', 'Yeah']",832,21692,528,1.04,15092,47,14564,0.7,0.67
queztone,Slovakia,['eXtatus'],709,18569,235,1.02,13135,44.7,12900,0.71,0.69
ROBO,Belarus,['Nemiga'],667,17746,628,1.05,12328,45.6,11700,0.69,0.66
steel,Canada,"['Chaos', 'Ghost', 'Torqued']",617,16290,261,1.02,11498,45.7,11237,0.71,0.69
TENZKI,Denmark,"['Nordavind', 'Dignitas']",1494,39305,1336,1.05,26979,52.9,25643,0.69,0.65
fr0slev,Denmark,"['AGF', 'Fragsters']",611,15973,470,1.04,11143,48,10673,0.7,0.67
LETN1,Serbia,"['Valiance', 'Binary Dragons', 'iNation', 'CR4ZY']",1111,28880,1164,1.06,19347,49.6,18183,0.67,0.63
fox,Portugal,"['Giants', 'k1ck', 'Kinguin', 'OFFSET']",1057,27606,523,1.03,19440,32,18917,0.7,0.69
n0thing,United States,"['Cloud9', 'Complexity']",813,21021,484,1.03,14720,52.6,14236,0.7,0.68
SKYTTEN,Sweden,"['Orbit', 'LGB']",382,10157,328,1.05,7087,45.2,6759,0.7,0.67
roseau,Indonesia,"['Recca', 'nxl']",412,10376,119,1.02,7419,40.4,7300,0.72,0.7
roca,United States,"['Splyce', 'Echo Fox', 'Complexity', 'ELEVATE']",660,17324,195,1.02,12336,51.4,12141,0.71,0.7
flickz,Australia,"['Chiefs', 'Athletico', 'Dark Sided']",461,11606,357,1.05,7976,48.3,7619,0.69,0.66
xCeeD,United States,"['The Quest', 'Triumph', 'SoaR']",435,11264,171,1.02,7858,44.1,7687,0.7,0.68
Jyo,Estonia,['Nemiga'],1163,31088,995,1.05,21200,40.7,20205,0.68,0.65
chrisJ,Netherlands,['MOUZ'],1727,45400,1085,1.04,31011,41.5,29926,0.68,0.66
aproto,United States,"['CLG Academy', 'Vision', 'BlackOut']",383,10053,85,1.01,7153,57.8,7068,0.71,0.7
Nodios,Denmark,"['Copenhagen Flames', 'x6tence']",718,19257,529,1.04,13132,53.9,12603,0.68,0.65
bedonka,Australia,"['Paradox', 'SYF']",379,9815,123,1.02,6857,53.7,6734,0.7,0.69
es3tag,Denmark,"['Heroic', 'Tricked']",1291,33835,784,1.03,23231,35.6,22447,0.69,0.66
Voltage,United States,"['The Quest', 'Triumph', 'SoaR', 'Dignitas']",420,10848,509,1.08,7099,28.5,6590,0.65,0.61
delboNi,Brazil,"['Imperial', 'Case', 'Yeah']",514,13313,305,1.03,9153,44.8,8848,0.69,0.66
Kylar,Poland,"['AVEZ', 'Anonymo']",577,15557,315,1.03,10655,58.9,10340,0.68,0.66
byali,Poland,"['Virtus.pro', 'AVEZ']",1841,48359,1333,1.04,33745,51.6,32412,0.7,0.67
GruBy,Poland,"['AGO', 'AGG']",1644,43738,753,1.03,30241,42.5,29488,0.69,0.67
Zyphon,Denmark,['Copenhagen Flames'],403,10629,281,1.04,7365,51.3,7084,0.69,0.67
PlesseN,Sweden,"['Galaxy Racer', 'Chaos', 'Japaleno', 'Red Reserve', 'fnatic Academy']",1259,33706,220,1.01,23886,54.5,23666,0.71,0.7
desi,United States,"['Winterfox', 'Complexity', 'SKDC']",430,10986,99,1.01,7826,51.5,7727,0.71,0.7
arT,Brazil,['FURIA'],968,25108,192,1.01,17866,34.4,17674,0.71,0.7
b0RUP,Denmark,"['Tricked', 'Heroic', 'MAD Lions']",1405,37152,465,1.02,25466,63.8,25001,0.69,0.67
HUGHMUNGUS,Australia,"['Chiefs', 'Legacy', 'Genuine', 'Funky Monkeys']",743,19269,474,1.04,13159,50.7,12685,0.68,0.66
tatazin,Brazil,"['paiN', 'Wild', 'Yeah', 'BigGods']",760,19926,986,1.08,12958,46.3,11972,0.65,0.6
Swisher,United States,"['Bad News Bears', 'Yeah']",566,14759,184,1.02,10359,47.5,10175,0.7,0.69
Maikelele,Sweden,"['NoChance', 'GODSENT']",1067,28134,945,1.05,18850,37,17905,0.67,0.64
Lekr0,Sweden,"['Dignitas', 'NIP', 'fnatic', 'GODSENT']",1302,34804,774,1.03,24036,51.5,23262,0.69,0.67
mitch,United States,"['Selfless', 'Bad News Bears', 'Dignitas', 'Riot Squad']",807,20719,632,1.05,14179,44.4,13547,0.68,0.65
shokz,Estonia,"['Finest', 'Movistar Riders']",606,16120,320,1.03,10960,53.8,10640,0.68,0.66
hampus,Sweden,"['NIP', 'GamerLegion', 'Red Reserve', 'GODSENT']",1347,35837,232,1.01,25171,40.5,24939,0.7,0.7
Noobster,Australia,"['Ground Zero', 'Paradox', 'SYF']",496,12790,203,1.02,8741,34.5,8534,0.68,0.67
Viva,China,"['Invictus', '5POWER', 'CyberZen']",597,15834,480,1.05,10605,46,10125,0.67,0.64
ap0c,Australia,"['Looking For Org', 'AVANT', 'Tainted Minds', 'Chiefs']",914,23404,276,1.02,16396,50.8,16120,0.7,0.69
jedqr,Poland,"['Wisla Krakow', 'x-kom']",810,21955,575,1.04,15083,53.5,14507,0.69,0.66
obj,Portugal,"['OFFSET', 'eXploit', 'Giants', 'AlienTech']",418,10936,423,1.06,7278,31.6,6855,0.67,0.63
1962,Argentina,"['Isurus', 'Leviatan']",572,14881,-12,1,10539,53.8,10551,0.71,0.71
spyleadeR,Bulgaria,"['E-frag.net', 'MK', 'GPlay']",899,23232,93,1.01,16849,42.3,16756,0.73,0.72
SHOCK,Czech Republic,['SINNERS'],671,18014,405,1.03,12110,55.5,11705,0.67,0.65
kreaz,Sweden,"['Finest', 'Apeks', 'Epsilon']",696,18462,534,1.04,12487,47.3,11954,0.68,0.65
EasTor,Spain,"['Movistar Riders', 'OFFSET']",493,13123,345,1.04,8883,28.3,8538,0.68,0.65
mirbit,Germany,"['ALTERNATE aTTaX', 'EURONICS', 'Sprout', 'Nordavind']",866,23162,926,1.06,15351,44,14425,0.66,0.62
stadodo,Portugal,"['SAW', 'OFFSET']",756,19878,576,1.04,13406,40.4,12830,0.67,0.65
Friis,Denmark,"['SK', 'fnatic', 'Heroic', 'Tricked']",938,24254,747,1.05,16356,26.3,15609,0.67,0.64
grux,Sweden,"['Savage', 'Red Reserve', 'SMASH']",490,13084,238,1.03,9112,67.1,8874,0.7,0.68
dazzLe,United States,"['eUnited', 'Rise Nation', 'New Identity']",690,17971,-8,1,12753,42,12761,0.71,0.71
ayaya,China,"['Eclipse', 'Born Of Fire', 'Flash', 'AllGamers']",462,11695,102,1.01,8333,40.3,8231,0.71,0.7
reatz,Poland,"['PRIDE', 'Illuminar', 'Kinguin']",1507,40520,736,1.03,27899,51.5,27163,0.69,0.67
Stewie2K,United States,"['Cloud9', 'Liquid']",1525,39802,376,1.01,27664,49.4,27288,0.7,0.69
kalinka,Lithuania,"['HellRaisers', 'Playing Ducks']",855,22891,157,1.01,16112,52.8,15955,0.7,0.7
Jinxx,Australia,"['Genuine', 'Taboo', 'Chiefs']",400,10511,283,1.04,7054,52.7,6771,0.67,0.64
to1nou,Belgium,"['LDLC', 'LDLC White']",850,22377,520,1.04,15196,30.5,14676,0.68,0.66
siuhy,Poland,"['MOUZ NXT', 'Izako Boars']",476,12737,34,1,8914,53.3,8880,0.7,0.7
DickStacy,Australia,"['Grayhound', 'Dark Sided']",624,15708,346,1.03,10534,48.9,10188,0.67,0.65
jR,Ukraine,"['Vega Squadron', 'HellRaisers']",892,23804,554,1.04,16101,34,15547,0.68,0.65
DESPE,Turkey,['Space Soldiers'],468,12127,320,1.04,8068,29.8,7748,0.67,0.64
kioShiMa,France,"['Envy', 'Heretics', 'FaZe']",1495,39250,1292,1.05,26259,51.3,24967,0.67,0.64
zqkS,Brazil,"['Imperial', 'Yeah', 'Keyd']",750,19393,710,1.06,12827,28.8,12117,0.66,0.62
speed4k,Russia,"['DreamEaters', 'Nemiga']",767,20579,568,1.04,13678,39.2,13110,0.66,0.64
FugLy,United States,"['NRG', 'Liquid', 'Envy']",1083,28153,621,1.03,18921,43.4,18300,0.67,0.65
emagine,Australia,"['ORDER', 'Kings', 'Winterfox', 'Immunity']",751,18931,487,1.04,12837,45.9,12350,0.68,0.65
Polt,Russia,"['1WIN', 'Unique']",510,13490,417,1.05,9270,49.2,8853,0.69,0.66
Nifty,United States,"['Renegades', 'Envy', 'Selfless']",865,22686,310,1.02,15336,36.3,15026,0.68,0.66
Tsogoo,Mongolia,"['TheMongolz', 'Mazaalai']",472,12038,137,1.02,8486,52.9,8349,0.7,0.69
MINISE,Poland,"['PACT', 'PRIDE', 'Kinguin']",1871,49905,605,1.02,34615,39.7,34010,0.69,0.68
waterfaLLZ,Russia,"['Quantum Bellator Fire', 'PiTER', 'AVE', 'EPG']",899,23842,341,1.02,16371,27.1,16030,0.69,0.67
pounh,Lithuania,"['Playing Ducks', 'Imperial', '1337HUANIA']",401,10552,91,1.01,7289,49.5,7198,0.69,0.68
Zero,Slovakia,"['GamerLegion', 'HellRaisers']",1067,28407,772,1.04,19051,49.1,18279,0.67,0.64
innocent,Poland,"['Anonymo', 'Illuminar', 'CSGL']",1753,46132,551,1.02,31986,45.9,31434,0.69,0.68
Relyks,United States,"['eUnited', 'Enemy', 'Selfless', 'New Identity']",832,21258,161,1.01,14589,48.8,14428,0.69,0.68
fenvicious,Russia,"['Unique', 'Spirit Academy', 'EPG']",729,19059,141,1.01,13225,52.7,13084,0.69,0.69
nitr0,United States,['Liquid'],1369,35665,606,1.03,24080,44.4,23474,0.68,0.66
glace,Denmark,"['North Academy', 'Tricked', 'Rogue', 'No Problem!']",589,15307,366,1.04,10395,52.2,10029,0.68,0.66
Oderus,United States,"['Spacestation', 'BlackOut', 'The Pioneers']",473,12356,-52,0.99,8738,34.3,8790,0.71,0.71
1uke,Russia,"['Spirit Academy', 'HOLLYWOOD', 'PLINK']",623,16179,223,1.02,11017,26.4,10794,0.68,0.67
Edward,Ukraine,['Natus Vincere'],1473,38787,689,1.03,26683,51.1,25994,0.69,0.67
leo_drk,Brazil,"['Sharks', '00NATION']",597,15378,31,1,10622,51.6,10591,0.69,0.69
R0b3n,Latvia,"['Unique', 'Space Jam', 'ex-ETHEREAL']",526,13849,235,1.03,9427,49.8,9192,0.68,0.66
dzt,Brazil,"['Imperial', 'Case', 'BigGods']",674,17454,167,1.01,11985,46.4,11818,0.69,0.68
SIXER,France,"['LDLC', 'Envy']",1084,28593,963,1.05,18826,39,17863,0.66,0.62
ALLE,Brazil,"['Isurus', 'Liberty', 'Redemption POA', 'C4']",408,10832,122,1.02,7396,49.5,7274,0.68,0.67
Lack1,Kazakhstan,"['Entropiq', 'Winstrike']",879,23516,90,1.01,16122,45.6,16032,0.69,0.68
hazed,United States,"['CLG', 'Mythic']",736,19138,-81,0.99,13273,49.8,13354,0.69,0.7
xiaosaGe,China,"['5POWER', 'Invictus', 'UYA']",847,22333,35,1,15686,47.7,15651,0.7,0.7
almazer,Russia,['forZe'],1302,35000,580,1.03,23468,51.9,22888,0.67,0.65
kenzor,Ukraine,['pro100'],598,15627,57,1.01,10785,54.8,10728,0.69,0.69
Djoko,France,"['HEET', 'DBL PONEY']",459,12166,5,1,8338,61.5,8333,0.69,0.68
cbbk,Thailand,"['Lucid Dream', 'Beyond']",404,10342,163,1.02,7029,51.2,6866,0.68,0.66
KILLDREAM,Portugal,"['AlienTech', 'k1ck', 'Giants']",429,11159,-16,1,7851,44.2,7867,0.7,0.7
Basso,Denmark,['Copenhagen Flames'],582,15218,265,1.03,10081,53,9816,0.66,0.65
RoLEX,Thailand,"['Signature', 'ZIGMA', 'Beyond', 'MiTH']",492,12610,33,1,8834,51.2,8801,0.7,0.7
SZPERO,Poland,"['Wisla Krakow', 'Kinguin', 'AGO']",2049,54181,866,1.02,36871,33.4,35995,0.68,0.66
zeff,Korea,['MVP PK'],482,12229,54,1.01,8381,42,8327,0.69,0.68
cromen,Norway,['Nordavind'],653,17335,67,1.01,11785,52.8,11718,0.68,0.68
adreN,United States,"['Liquid', 'Mythic']",697,18241,380,1.03,12259,35.3,11879,0.67,0.65
supra,Estonia,"['Gambit Youngsters', 'Nordavind']",531,14249,65,1.01,9463,57.9,9398,0.66,0.66
MODDII,Sweden,"['Heroic', 'SK']",1169,30527,408,1.02,20574,52.4,20166,0.67,0.66
mopoz,Spain,['Movistar Riders'],1108,29419,-46,1,19981,51.6,20027,0.68,0.68
void,Australia,"['Ground Zero', 'Dark Sided']",437,11368,127,1.02,7854,40,7727,0.69,0.68
pyth,Sweden,"['NIP', 'Vexed']",756,19801,-5,1,13677,56,13682,0.69,0.69
mds,Belarus,['Nemiga'],1087,29074,459,1.02,19543,53.4,19084,0.67,0.66
cam,United States,"['Singularity', 'Gorilla Gang', 'Chaos']",544,13974,169,1.02,9454,50.8,9285,0.68,0.66
freakazoid,United States,"['Swole Patrol', 'Cloud9', 'Echo Fox']",886,22716,43,1,15788,46.8,15745,0.7,0.69
xseveN,Finland,"['HAVU', 'ENCE', 'iGame.com', 'RCTIC']",1273,33658,339,1.02,22753,46.2,22414,0.68,0.67
Jerry,Russia,['forZe'],1528,41085,398,1.01,28109,45.8,27711,0.68,0.67
peet,Poland,"['AGG', 'Vexed', 'SEAL', 'eBettle']",379,9993,97,1.01,6788,34,6691,0.68,0.67
STYKO,Slovakia,"['HellRaisers', 'MOUZ', 'GODSENT']",1530,40320,445,1.02,26959,57.5,26514,0.67,0.66
pecks,Australia,['Chiefs'],389,9930,162,1.03,6620,45.9,6458,0.67,0.65
ImpressioN,Singapore,"['NKT', 'BOOT-d[S]', 'BTRG', 'dream[S]cape']",663,17155,81,1.01,11760,48.8,11679,0.69,0.68
Noktse,Argentina,['Isurus'],774,20247,247,1.02,13629,39.5,13382,0.67,0.66
Liki,Australia,"['Looking For Org', 'Dire Wolves', 'Bizarre', 'Skyfire']",387,9810,211,1.03,6475,43.4,6264,0.66,0.64
truth,Norway,"['Apeks', 'ATK', 'Vexed']",479,12857,49,1.01,8886,51.4,8837,0.69,0.69
vice,United States,"['Rogue', 'Cloud9']",493,12707,128,1.01,8668,49.4,8540,0.68,0.67
Bååten,Sweden,"['x6tence Galaxy', 'Red Reserve', 'fnatic Academy', 'Chaos']",738,19661,39,1,13293,56.5,13254,0.68,0.67
notaN,Denmark,"['MASONIC', 'Singularity', 'OPAA', 'Alpha']",421,11165,72,1.01,7494,49.3,7422,0.67,0.66
reversive,Argentina,"['Leviatan', 'Isurus']",609,15928,170,1.02,10800,43.6,10630,0.68,0.67
Cabbi,Denmark,"['MASONIC', 'Lyngby Vikings', 'AGF']",435,11597,-127,0.98,8085,55.7,8212,0.7,0.71
uli,Finland,['KOVA'],560,15011,198,1.02,10203,48.7,10005,0.68,0.67
VINI,Brazil,['FURIA'],955,24849,54,1,16583,48.8,16529,0.67,0.67
Vegi,Poland,"['Virtus.pro', 'PACT', 'Illuminar']",773,21111,-120,0.99,14720,47.5,14848,0.7,0.7
freddieb,Sweden,"['Epsilon', 'GODSENT', 'Red Reserve']",1135,30119,180,1.01,20728,52.9,20548,0.69,0.68
MUTiRiS,Portugal,"['SAW', 'k1ck', 'Giants']",1201,31370,165,1.01,21614,50.7,21449,0.69,0.68
SEMPHIS,Canada,"['Splyce', 'TSM', 'Complexity']",848,21936,-33,1,15472,36.5,15505,0.71,0.71
dephh,United Kingdom,['Complexity'],768,20106,-232,0.98,14252,47.6,14484,0.71,0.72
DeathZz,Spain,['Movistar Riders'],483,12896,133,1.02,8580,49.6,8447,0.67,0.66
magixx,Russia,['Spirit'],610,16094,273,1.03,10473,57.6,10200,0.65,0.63
robiin,Sweden,"['Endpoint', 'DenDD']",1502,40013,-52,1,27500,48,27552,0.69,0.69
YDNA,Australia,"['Breakaway', 'Funky Monkeys', 'Dark Sided']",435,11265,103,1.01,7636,38.9,7533,0.68,0.67
gMd,Canada,"['Rogue', 'FRENCH CANADIANS', 'LiViD', 'Spacestation']",464,12098,-47,0.99,8389,53.5,8436,0.69,0.7
ALEX,United Kingdom,"['fnatic', 'LDLC', 'Vitality']",1162,30750,-372,0.98,21407,47.3,21779,0.7,0.71
markeloff,Ukraine,"['FlipSid3', 'HellRaisers']",1143,29624,488,1.03,19780,41.6,19292,0.67,0.65
xelos,Sweden,"['Lemondogs', 'Epsilon', 'AliGon']",431,11391,3,1,7845,48.4,7842,0.69,0.69
Puls3,United Kingdom,"['Endpoint', 'FMESPORTS']",436,11572,74,1.01,7860,43.3,7786,0.68,0.67
neptune,United States,"['Ghost', ""Bee's Money Crew"", 'Recon 5']",498,13218,-23,1,9091,55.4,9114,0.69,0.69
rbz,Australia,"['Paradox', 'Corvidae']",647,16903,138,1.01,11278,48.9,11140,0.67,0.66
BENDJI,Sweden,"['Singularity', 'DenDD']",878,23318,137,1.01,16055,32.5,15918,0.69,0.68
dukefissura,Kazakhstan,"['Unique', '100PG']",381,10223,-117,0.98,7230,60.7,7347,0.71,0.72
jaxi,Romania,['Nexus'],472,12125,183,1.02,8103,40.5,7920,0.67,0.65
BARBARR,Sweden,"['Epsilon', 'x6tence Galaxy', 'Singularity']",876,23180,-20,1,15776,42.7,15796,0.68,0.68
kory,Hungary,"['Sangal', 'Budapest Five', 'Salamander']",462,12291,-78,0.99,8572,54.5,8650,0.7,0.7
Dima,Russia,"['Spirit', 'Espada']",1310,34466,-527,0.98,23782,52.5,24309,0.69,0.71
JIaYm,Russia,"['HellRaisers', 'bankaPEPSI']",523,14183,-291,0.97,10080,52.5,10371,0.71,0.73
bubble,Bulgaria,"['Windigo', 'E-frag.net', 'Fiend']",2169,56914,715,1.02,37971,41.4,37256,0.67,0.65
ANGE1,Ukraine,['HellRaisers'],1728,45027,-685,0.98,31392,51.3,32077,0.7,0.71
kaboose,United States,"['Selfless', 'Vision']",549,14235,-305,0.97,10006,54.9,10311,0.7,0.72
facecrack,Russia,"['forZe', 'PiTER']",1682,44893,-727,0.98,31273,48.4,32000,0.7,0.71
Drone,United States,"['Splyce', 'Envy']",454,11841,-168,0.98,8164,61.8,8332,0.69,0.7
JACKZ,France,"['G2', 'EnVyUs Academy', '3DMAX']",1054,27996,-100,0.99,18860,58.4,18960,0.67,0.68
krii,Latvia,"['EPG', 'Wolsung']",398,10522,5,1,7051,49,7046,0.67,0.67
k1to,Germany,"['BIG', 'ALTERNATE aTTaX', 'Sprout']",1215,32305,-378,0.98,22039,57.9,22417,0.68,0.69
sXe,Romania,"['Nexus', 'XPC']",567,14684,-56,0.99,9901,42.9,9957,0.67,0.68
Dosia,Russia,"['Gambit', 'HellRaisers']",1431,37517,293,1.01,25227,48.1,24934,0.67,0.66
morelz,Poland,"['PRIDE', 'Virtus.pro']",1057,28098,-242,0.99,19525,46.8,19734,0.69,0.7
realziN,Brazil,"['W7M', 'Sharks', 'FURIA Academy']",538,14256,59,1.01,9393,49.8,9334,0.66,0.65
vanity,United States,"['Chaos', 'eUnited', 'Gorilla Gang']",609,15688,80,1.01,10461,41.8,10381,0.67,0.66
fitch,Kazakhstan,"['AVANGAR', 'Tengri', 'Gambit']",574,15207,-210,0.98,10410,52.6,10620,0.68,0.7
larsen,Denmark,"['Tricked', 'Movistar Riders']",604,15968,151,1.01,10553,30.1,10402,0.66,0.65
gade,Denmark,"['North', 'North Academy', 'OpTic']",964,25326,-128,0.99,16756,53.6,16884,0.66,0.67
SAGGERTON,Finland,"['iGame.com', 'RCTIC', 'LGR']",540,14097,-231,0.98,9723,42.6,9954,0.69,0.71
rmn,Portugal,"['SAW', 'k1ck', 'Giants']",1095,28607,-49,1,19488,54.3,19537,0.68,0.68
jabbi,Denmark,"['Copenhagen Flames', 'Singularity']",754,20232,81,1.01,13477,59.9,13396,0.67,0.66
gla1ve,Denmark,"['Astralis', 'CPH Wolves']",1642,43152,209,1.01,28596,46.4,28389,0.66,0.66
pesadelo,Brazil,"['TeamOne', 'RED Canids']",576,15041,-250,0.98,10344,44.4,10594,0.69,0.7
Lukki,Denmark,"['Tricked', 'AGF', 'Singularity']",893,23437,-9,1,15622,51.2,15631,0.67,0.67
AZR,Australia,"['Renegades', '100 Thieves', 'EXTREMUM']",1093,28528,-175,0.99,19524,51.5,19699,0.68,0.69
Daffu,Denmark,"['ECSTATIC', 'Lyngby Vikings', 'Copenhagen Flames']",674,17998,164,1.01,11909,51.9,11745,0.66,0.65
ryotzz,Brazil,['W7M'],447,11613,-154,0.98,7922,37.2,8076,0.68,0.7
djay,Canada,"['Party Astronauts', 'New England Whalers']",814,21042,-99,0.99,14279,48.1,14378,0.68,0.68
J1rah,Australia,"['ORDER', 'Breakaway']",782,20288,-14,1,13457,46.1,13471,0.66,0.66
Jonji,Canada,"['Bad News Bears', 'Rise Nation', 'Chaos']",1048,26854,-429,0.98,18738,40.8,19167,0.7,0.71
Furlan,Poland,['AGO'],2071,55137,-574,0.98,37359,53,37933,0.68,0.69
DAVEY,Canada,"['Splyce', 'Mythic', 'Spacestation']",800,20694,-283,0.98,14126,41.3,14409,0.68,0.7
WOOD7,Brazil,"['MIBR', 'Bravos', 'RED Canids']",539,14068,317,1.04,9188,30.5,8871,0.65,0.63
bodyy,France,"['G2', 'DBL PONEY', 'LDLC']",1297,34380,-255,0.99,23116,56.2,23371,0.67,0.68
stellar,United States,"['Party Astronauts', 'Vireo.pro', 'Divine', 'AA']",427,10968,26,1,7396,45.7,7370,0.67,0.67
Xizt,Sweden,"['NIP', 'fnatic']",1665,42830,507,1.02,28491,46.8,27984,0.67,0.65
RUBINO,Norway,"['Dignitas', 'Nordavind', 'LGB']",998,26140,-170,0.99,17632,52.5,17802,0.67,0.68
AdreN,Kazakhstan,"['Gambit', 'HellRaisers', 'K23']",1767,46454,-217,0.99,31357,48.8,31574,0.68,0.68
apocdud,Australia,"['VERTEX', 'Chiefs', 'Genuine']",726,18826,-62,1,12712,36.9,12774,0.68,0.68
bew,United States,"['New England Whalers', 'High Coast', 'Yeah']",376,10079,-57,0.99,6854,50.7,6911,0.68,0.69
ryann,United States,"['Singularity', 'Swole Patrol', 'Envy', 'Gorilla Gang']",697,17857,-269,0.98,12192,55.1,12461,0.68,0.7
Zix,Bulgaria,['Bpro'],400,10329,-166,0.98,7076,54.4,7242,0.69,0.7
NickelBack,Russia,"['Entropiq', 'pro100', 'Winstrike']",1353,35983,-34,1,23867,39.8,23901,0.66,0.66
DeadFox,Hungary,['HellRaisers'],807,21060,-54,1,13856,38.4,13910,0.66,0.66
isak,Sweden,"['GamerLegion', 'Lilmix']",577,15635,-29,1,10279,49.9,10308,0.66,0.66
NEKIZ,Brazil,"['paiN', 'Luminosity']",946,24853,-225,0.99,16791,48,17016,0.68,0.68
Perfecto,Russia,"['Natus Vincere', 'Syman']",683,18051,383,1.04,11255,46.7,10872,0.62,0.6
zende,Sweden,"['DenDD', 'Property']",397,10444,-1,1,7064,47.7,7065,0.68,0.68
bq,Sweden,['Lilmix'],395,10650,-196,0.97,7291,53.1,7487,0.68,0.7
chop,United States,"['Carpe Diem', 'RBG', 'Kinship']",419,11175,-70,0.99,7451,52.6,7521,0.67,0.67
raalz,Denmark,"['Sprout', 'Lyngby Vikings', 'Ambush']",875,23616,-221,0.99,15684,58.2,15905,0.66,0.67
anger,United States,"['Mythic', 'Winterfox', 'Denial', 'Luminosity']",682,17700,-229,0.98,12065,50.9,12294,0.68,0.69
Spiidi,Germany,"['Sprout', 'MOUZ']",2021,53639,165,1,34932,40.4,34767,0.65,0.65
Llamas,Australia,"['Ground Zero', 'Breakaway', 'SYF']",451,11530,-25,1,7596,49.1,7621,0.66,0.66
doto,Finland,"['HAVU', 'ENCE']",648,17287,-184,0.98,11512,54.8,11696,0.67,0.68
tifa,Brazil,"['Imperial', 'BigGods', 'Keyd']",407,10476,-109,0.98,7090,45.7,7199,0.68,0.69
sinnopsyy,Kosovo,"['BLINK', 'Secret']",607,16310,-437,0.96,11294,57.3,11731,0.69,0.72
kwezz,Denmark,['Tricked'],596,15981,-108,0.99,10455,55.4,10563,0.65,0.66
SHOOWTiME,Brazil,"['Luminosity', 'Imperial', 'Tempo Storm']",967,25003,-270,0.98,16940,45.4,17210,0.68,0.69
Boombl4,Russia,"['Natus Vincere', 'Winstrike', 'Quantum Bellator Fire']",1073,28421,-391,0.98,18991,41.6,19382,0.67,0.68
BIT,Brazil,"['TeamOne', '9z', 'Não Tem Como']",727,18792,64,1.01,12295,48.2,12231,0.65,0.65
wiz,United States,"['Carpe Diem', 'RBG']",461,12256,43,1.01,7991,28.7,7948,0.65,0.65
syken,Germany,"['expert', 'EURONICS']",413,10832,-248,0.97,7450,57.8,7698,0.69,0.71
Radifaction,Norway,"['Secret', 'Nordavind', 'NoChance', 'Apeks']",506,13559,-157,0.98,9133,49.9,9290,0.67,0.69
jnt,Brazil,['Sharks'],628,16249,137,1.01,10397,35.6,10260,0.64,0.63
prt,Brazil,"['TeamOne', 'DETONA']",732,18994,-110,0.99,12697,53.3,12807,0.67,0.67
niki1,Bulgaria,"['FATE', 'Bpro', 'Outlaws']",1020,26614,-320,0.98,17850,48.8,18170,0.67,0.68
BURNRUOk,Australia,"['Ground Zero', 'Grayhound', 'Immunity']",860,22168,-518,0.97,15228,50.7,15746,0.69,0.71
Sergiz,Ukraine,"['CR4ZY', 'Project X', 'Akuma', 'Windigo Academy']",456,12110,86,1.01,7819,52.1,7733,0.65,0.64
DeStRoYeR,China,"['Invictus', 'EHOME', 'BOOT']",583,15410,-164,0.98,10479,42.2,10643,0.68,0.69
PERCY,Denmark,"['Secret', 'Sprout', 'Tricked']",1030,27376,-400,0.98,18369,58.5,18769,0.67,0.69
Fadey,South Africa,"['ATK', 'Bravado']",659,16952,-533,0.96,11737,55,12270,0.69,0.72
blocker,Bulgaria,"['Windigo', 'FATE', 'Bpro']",864,22973,-511,0.97,15729,49.3,16240,0.68,0.71
RUSH,United States,"['Cloud9', 'Complexity', 'OpTic']",1413,36954,-371,0.99,24435,47.3,24806,0.66,0.67
SPELLAN,Bulgaria,"['SKADE', 'Outlaws', 'Windigo', 'Epsilon']",1432,37492,-231,0.99,24610,39.6,24841,0.66,0.66
RpK,France,"['Vitality', 'Envy', 'Titan', 'G2']",1499,39100,-617,0.98,26056,50.7,26673,0.67,0.68
ZEDKO,Czech Republic,"['SINNERS', 'eXtatus']",1093,28958,-236,0.99,19114,52.5,19350,0.66,0.67
mono,Poland,"['x-kom', 'Illuminar', 'Izako Boars']",662,17680,-17,1,11640,44.6,11657,0.66,0.66
FinigaN,Russia,['Espada'],496,13338,84,1.01,8523,50.5,8439,0.64,0.63
Keoz,Belgium,"['Syman', 'LDLC', 'K23']",808,21520,-582,0.96,14589,54.8,15171,0.68,0.7
leman,Poland,['AGO'],479,12923,-137,0.98,8483,51.4,8620,0.66,0.67
jmqa,Russia,"['Quantum Bellator Fire', 'PiTER', 'EPG']",922,24189,-273,0.98,16152,51,16425,0.67,0.68
Queenix,Denmark,"['MASONIC', 'x6tence', 'Copenhagen Flames', 'Singularity']",439,11777,-67,0.99,7553,56.4,7620,0.64,0.65
propleh,Russia,"['1WIN', 'Monolith', 'Spartak']",387,10295,-102,0.99,6836,49.2,6938,0.66,0.67
oskarish,Poland,"['x-kom', 'Illuminar', 'AGO']",1026,27320,-290,0.98,17879,50.4,18172,0.65,0.66
RuStY,Sweden,"['GamerLegion', 'Singularity', 'Red Reserve']",1284,34707,-361,0.98,22965,53,23326,0.66,0.67
Marek,Taiwan,"['EHOME', 'After']",403,10585,-130,0.98,6980,52,7110,0.66,0.67
seb,United States,"['Ghost', 'New Identity', ""Bee's Money Crew""]",603,15586,-224,0.98,10456,45.5,10680,0.67,0.69
kUcheR,Russia,"['HellRaisers', 'Virtus.pro']",852,22314,-145,0.99,14944,44,15089,0.67,0.68
stk,Thailand,"['Beyond', 'Signature', 'Alpha Red']",591,15136,-223,0.98,10034,42,10257,0.66,0.68
ELUSIVE,South Africa,['Bravado'],397,10059,56,1.01,6410,43.9,6354,0.64,0.63
ice,Kazakhstan,"['Unique', '100PG']",430,11515,-241,0.97,7708,58.1,7949,0.67,0.69
SOKER,Spain,"['Movistar Riders', 'x6tence', 'k1ck']",642,16858,-424,0.96,11465,42.5,11889,0.68,0.71
DEVIL,France,"['LDLC', 'Envy', 'LDLC White', '3DMAX']",636,16582,-291,0.97,11006,48.2,11297,0.66,0.68
seized,Russia,['Natus Vincere'],1507,39658,-592,0.98,26348,45.8,26940,0.66,0.68
MAIROLLS,Thailand,"['Alpha Red', 'Beyond', 'NSPR']",495,12791,-213,0.98,8516,49.1,8729,0.67,0.68
Drea3er,China,"['New4', 'FIVE', 'BTRG']",402,10308,-311,0.96,6976,53.9,7287,0.68,0.71
PKL,Brazil,"['paiN', 'Luminosity', 'Wild']",1117,29211,-425,0.98,19174,51.9,19599,0.66,0.67
gabesson,Hungary,"['GameAgents', 'volgare']",441,11654,-264,0.97,7943,42.1,8207,0.68,0.7
Sapec,Sweden,['Young Ninjas'],426,11413,-360,0.96,7729,52.7,8089,0.68,0.71
Mayker,Australia,"['Genuine', 'Chiefs', 'Surge']",433,11216,-220,0.97,7380,49.1,7600,0.66,0.68
TMB,Denmark,"['MAD Lions', 'AGF', 'Copenhagen Flames']",685,18224,-407,0.97,12110,47.3,12517,0.66,0.69
The eLiVe,Slovakia,"['Enterprise', 'Universe']",470,12703,-181,0.98,8251,52.2,8432,0.65,0.66
KHRN,Finland,"['SJ', 'HAVU']",935,24443,-245,0.98,15822,48,16067,0.65,0.66
chopper,Russia,"['Spirit', 'Vega Squadron']",1075,28456,-383,0.98,18598,57.4,18981,0.65,0.67
Leaf,Thailand,"['Lucid Dream', 'Maple', 'Signature']",398,10120,-71,0.99,6618,44.2,6689,0.65,0.66
starix,Ukraine,"['Natus Vincere', 'Spirit']",625,16451,-241,0.98,10761,47.6,11002,0.65,0.67
reltuC,United States,['CLG'],865,22664,-74,1,14788,40.5,14862,0.65,0.66
Surreal,United Kingdom,"['Endpoint', 'Epsilon', 'Complexity']",1507,39489,-721,0.97,25891,43.6,26612,0.66,0.67
Hyper,Poland,"['AGG', 'Vexed', 'Kinguin', 'Izako Boars']",646,16949,-167,0.99,11144,41.8,11311,0.66,0.67
phr,Poland,"['Illuminar', 'AGO', 'Virtus.pro']",1282,34336,-413,0.98,22492,53.4,22901,0.65,0.67
LUCAS1,Brazil,"['Immortals', 'Luminosity', 'MIBR', 'Tempo Storm']",943,24480,-481,0.97,16073,47,16554,0.66,0.68
Maniac,Switzerland,"['LDLC', 'Titan']",837,22049,-388,0.97,14478,39.4,14866,0.66,0.67
nafany,Russia,"['Gambit Youngsters', 'Gambit']",848,22505,-655,0.96,14964,51.1,15619,0.66,0.69
SmithZz,France,"['G2', 'Titan', 'VeryGames', 'Envy', 'LDLC']",1161,30130,-543,0.97,19726,41.4,20269,0.65,0.67
0i,China,"['New4', 'FIVE', 'Invictus', 'After']",475,12428,-340,0.96,8436,55.9,8776,0.68,0.71
kaper,Poland,"['AGO', 'Kinguin', 'Wisla Krakow', 'adwokacik']",536,14240,-168,0.98,9154,44.2,9322,0.64,0.65
Aleksib,Finland,"['OG', 'ENCE', 'HAVU']",996,26395,-289,0.98,16976,39.2,17265,0.64,0.65
SEMINTE,Romania,"['Nexus', 'XPC']",663,17364,-441,0.96,11430,49.2,11871,0.66,0.68
SADDYX,Finland,['SJ'],647,17350,-363,0.97,11404,47.6,11767,0.66,0.68
maeVe,Denmark,"['Tricked', 'Escape', 'Reason']",487,12606,-131,0.98,8154,40.5,8285,0.65,0.66
stanislaw,Canada,"['Evil Geniuses', 'OpTic', 'Complexity', 'Liquid']",1306,33769,-461,0.98,21727,47.5,22188,0.64,0.66
Kairi,Spain,"['x6tence', 'PENTA']",404,10297,-204,0.97,6763,37.7,6967,0.66,0.68
Tommy,Singapore,['BOOT-d[S]'],387,9900,-323,0.95,6700,46,7023,0.68,0.71
HOLMES,Serbia,"['Squared', 'BLUEJAYS']",430,11258,-314,0.96,7579,44.9,7893,0.67,0.7
ProbLeM,Russia,"['HellRaisers', 'bankaPEPSI']",540,14671,-283,0.97,9637,48.9,9920,0.66,0.68
w1nt3r,Kazakhstan,"['Unique', '100PG', 'Se7en', 'BOOT-d[S]']",552,14753,-167,0.98,9468,49.5,9635,0.64,0.65
bodito,Hungary,"['Budapest Five', 'Salamander', 'Pixel', 'Sensei']",427,11471,-404,0.95,7726,46.6,8130,0.67,0.71
xms,France,"['Envy', 'Heretics', 'LDLC']",712,18783,-624,0.95,12206,59,12830,0.65,0.68
tiziaN,Germany,"['BIG', 'ALTERNATE aTTaX']",1723,45550,-760,0.97,29167,56.1,29927,0.64,0.66
Uber,Canada,"['Enemy', 'Complexity', 'Selfless']",398,10027,-299,0.96,6674,50.2,6973,0.67,0.7
JazzPimp,United States,"['Gaimin Gladiators', 'Recon 5', 'ChocoCheck']",393,10252,-315,0.96,6989,54.3,7304,0.68,0.71
nbl,Argentina,['Isurus'],583,15054,-470,0.96,10007,51.4,10477,0.66,0.7
Walco,Canada,"['Carpe Diem', 'RBG']",464,12327,-448,0.95,8164,57.6,8612,0.66,0.7
Snappi,Denmark,"['ENCE', 'Heroic', 'OpTic']",1543,40703,-815,0.97,26614,45.6,27429,0.65,0.67
glow,Korea,['MVP PK'],395,10045,-99,0.98,6438,51.9,6537,0.64,0.65
Kvik,Lithuania,"['Quantum Bellator Fire', 'Winstrike']",780,20389,-667,0.95,13682,42.7,14349,0.67,0.7
Kristou,Denmark,"['AGF', 'North']",390,10304,-326,0.95,6701,43.7,7027,0.65,0.68
expro,China,"['Lynn Vision', 'Invictus', 'EHOME']",418,11095,-287,0.96,7454,44.7,7741,0.67,0.7
misutaaa,France,['Vitality'],408,10800,-332,0.95,6868,54.5,7200,0.64,0.67
MAJ3R,Turkey,"['Space Soldiers', 'Sangal']",1050,27515,-524,0.97,17858,48.8,18382,0.65,0.67
LOGAN,France,"['LDLC', 'Heretics']",590,15692,-300,0.97,10091,55.2,10391,0.64,0.66
RZU,United States,"['Triumph', 'Bad News Bears', 'Rugratz']",440,11535,-468,0.94,7820,53.7,8288,0.68,0.72
nosraC,United States,"['Gaimin Gladiators', 'Rebirth', 'ChocoCheck', 'Recon 5']",440,11570,-415,0.95,7686,50.3,8101,0.66,0.7
smF,Denmark,"['CPH Wolves', 'Secret', 'LPSP']",817,21404,-376,0.97,13649,56.2,14025,0.64,0.66
YJ,Brazil,['W7M'],514,13425,-71,0.99,8424,41.6,8495,0.63,0.63
kinqie,Russia,"['DreamEaters', 'Hard Legion']",631,16775,-597,0.95,11130,57.1,11727,0.66,0.7
NEO,Poland,"['HONORIS', 'Virtus.pro']",2024,52835,-1506,0.96,34327,37.8,35851,0.65,0.68
tahsiN,Germany,"['Berzerk', 'PENTA', 'KILLERFISH']",591,15363,-630,0.94,10261,44.7,10891,0.67,0.71
ponczek,Poland,['Wisla Krakow'],497,13376,-240,0.97,8543,44.5,8783,0.64,0.66
denis,Germany,"['Sprout', 'MOUZ']",1830,48692,-1848,0.95,32721,44.3,34569,0.67,0.71
maNkz,Denmark,"['ECSTATIC', 'Lyngby Vikings', 'Copenhagen Flames', 'x6tence']",649,17421,-495,0.96,11163,52.3,11658,0.64,0.67
alexRr,Germany,"['expert', 'Planetkey', 'DIVIZON']",433,11346,-554,0.93,7438,39.8,7992,0.66,0.7
dezon,Sweden,"['Savage', 'Galaxy Racer', 'Japaleno']",547,14700,-248,0.97,9192,52.4,9440,0.63,0.64
dumz,Sweden,"['DenDD', 'Singularity', 'Manatee']",455,12074,-320,0.96,7889,48.4,8209,0.65,0.68
JT,South Africa,"['Extra Salt', 'Bravado', 'ATK', 'Cloud9']",1039,26962,-812,0.96,17282,48.4,18094,0.64,0.67
friberg,Sweden,"['Dignitas', 'NIP', 'Heroic']",1957,50987,-1696,0.95,33114,47.3,34810,0.65,0.68
caike,Brazil,"['g3x', 'Yeah', 'Isurus', 'TeamOne']",501,13104,-374,0.96,8518,42.6,8892,0.65,0.68
H4RR3,Norway,"['777', 'Nordavind']",640,17259,-709,0.94,11382,50.6,12091,0.66,0.7
TaZ,Poland,"['HONORIS', 'Virtus.pro', 'Kinguin']",2155,56573,-1486,0.96,36859,51.3,38351,0.65,0.68
steel,Brazil,"['Movistar Riders', 'Luminosity', 'Immortals']",1446,37798,-866,0.97,24382,40.8,25248,0.65,0.67
devoduvek,France,"['LDLC', 'Misfits', 'Heretics']",643,17057,-588,0.95,11149,49.6,11737,0.65,0.69
dERZKIY,Belarus,"['K29', 'ANOX']",408,10641,-388,0.95,7059,53.8,7447,0.66,0.7
Console,Denmark,"['Tricked', 'ALTERNATE aTTaX', 'Copenhagen Flames', 'Singularity']",708,18612,-582,0.95,11948,39.5,12530,0.64,0.67
CONNOR93,Canada,"['Ghost', ""Bee's Money Crew"", 'BlackOut', 'The Pioneers']",449,11544,-457,0.94,7738,51.7,8195,0.67,0.71
soju_j,New Zealand,"['Legacy', 'AVANT', 'Chiefs', 'Dire Wolves']",554,14231,-410,0.96,9148,41.2,9558,0.64,0.67
darko,Poland,['PACT'],797,21612,-790,0.95,14187,44.9,14977,0.66,0.69
PR1mE,Denmark,['Tricked'],393,10613,-397,0.95,6980,54.9,7377,0.66,0.7
KrizzeN,Kazakhstan,"['AVANGAR', 'Winstrike']",763,20020,-368,0.97,12720,54.9,13088,0.64,0.65
beastik,Czech Republic,['SINNERS'],661,17753,-629,0.95,11329,55.3,11958,0.64,0.67
Grusarn,Norway,"['777', 'Apeks']",543,14836,-779,0.93,9794,63.9,10573,0.66,0.71
RAiLWAY,Russia,"['INDE IRAE', 'Espada']",438,11779,-643,0.93,8041,54.5,8684,0.68,0.74
AcilioN,Denmark,"['Apeks', 'Copenhagen Flames', 'SK']",1726,45521,-1464,0.95,29475,43.9,30939,0.65,0.68
flashie,Hungary,"['GameAgents', 'Orgless']",585,15493,-522,0.95,10033,41.9,10555,0.65,0.68
strux1,Germany,"['PENTA', '3DMAX', 'Planetkey']",403,10276,-246,0.96,6648,36.3,6894,0.65,0.67
ecfN,Germany,['ALTERNATE aTTaX'],426,11214,-471,0.94,7387,53.8,7858,0.66,0.7
oxygeN,Bulgaria,['SKADE'],507,13623,-446,0.95,8532,59.3,8978,0.63,0.66
Karsa,China,"['Flash', 'OneThree', 'EHOME']",457,11674,-290,0.96,7360,48.7,7650,0.63,0.66
arvid,Finland,['SJ'],892,23926,-1030,0.94,15577,44.8,16607,0.65,0.69
Inzta,Denmark,"['Tricked', 'Singularity']",754,19798,-849,0.94,12779,43.9,13628,0.65,0.69
Rock1nG,Bulgaria,"['SKADE', 'Outlaws', 'Bpro']",883,23271,-1025,0.94,15257,55.3,16282,0.66,0.7
uNdo,Belarus,"['Unique', 'Quantum Bellator Fire', 'Space Jam']",432,11267,-371,0.95,7217,54.3,7588,0.64,0.67
vSa,Canada,"['Rise Nation', 'Vision', 'Ghost']",385,10066,-322,0.95,6351,42.5,6673,0.63,0.66
Fifflaren,Sweden,['NIP'],538,13220,-40,0.99,7894,37.5,7934,0.6,0.6
boX,Belarus,"['Nemiga', 'GoodJob']",1246,33181,-1301,0.94,21451,43.7,22752,0.65,0.69
kzy,Germany,"['EURONICS', 'ALTERNATE aTTaX', 'Unicorns of Love']",986,25705,-845,0.95,16400,47.6,17245,0.64,0.67
TOAO,Poland,"['AGO', 'Izako Boars']",1103,29449,-1056,0.95,18679,48,19735,0.63,0.67
SileNt,United States,"['Swole Patrol', 'Method', 'NRG']",624,16235,-788,0.93,10751,36.1,11539,0.66,0.71
Twixie,Finland,"['KOVA', 'HAVU']",745,20248,-747,0.95,12849,48.1,13596,0.63,0.67
tonyblack,Russia,['Spirit'],826,21699,-725,0.95,13828,48.6,14553,0.64,0.67
BRACE,Australia,['VERTEX'],393,10219,-437,0.94,6566,47.9,7003,0.64,0.69
rafftu,Bulgaria,"['SKADE', 'Bpro', 'FATE']",491,13172,-517,0.94,8502,51.9,9019,0.65,0.68
arch,Ukraine,"['Preparation', 'Spirit', 'Worst Players']",593,15530,-658,0.94,10295,49,10953,0.66,0.71
Sidney,Poland,"['UNGENTIUM', 'AGO', 'PACT', 'Illuminar']",443,11990,-395,0.95,7423,50.1,7818,0.62,0.65
interz,Russia,"['Gambit Youngsters', 'Gambit']",830,22053,-168,0.99,12718,50.1,12886,0.58,0.58
EXUS,Poland,"['PRIDE', 'Izako Boars']",882,23538,-1079,0.93,15251,42.7,16330,0.65,0.69
RIZZZ,Portugal,"['OFFSET', 'Giants']",422,11051,-552,0.93,7027,52,7579,0.64,0.69
LOMME,Denmark,"['North Academy', 'Tricked', 'No Problem!']",623,16172,-532,0.95,10221,42.5,10753,0.63,0.66
Polly,Norway,"['LGB', 'London Conspiracy', 'Apeks']",451,11723,-545,0.93,7542,41.2,8087,0.64,0.69
Ex6TenZ,Belgium,"['Titan', 'LDLC', 'VeryGames', 'G2']",1393,36352,-1064,0.96,22665,41.5,23729,0.62,0.65
ub1que,Russia,"['EPG', 'PiTER', 'Preparation']",491,12691,-496,0.94,8319,41.8,8815,0.66,0.69
Noisia,Australia,"['AVANT', 'Breakaway', 'Dark Sided']",579,15033,-616,0.94,9682,43.7,10298,0.64,0.69
tutehen,Argentina,"['VELOX', 'Isurus', 'Gale Force', 'Miami Flamingos']",447,11563,-394,0.95,7331,46.1,7725,0.63,0.67
ngiN,Turkey,"['Space Soldiers', 'Sangal']",1025,26895,-748,0.96,16499,45.3,17247,0.61,0.64
forget,China,"['5POWER', 'UYA']",442,11512,-734,0.91,7723,50.3,8457,0.67,0.73
Shakezullah,United States,"['Bad News Bears', 'Triumph', 'Singularity', 'iNTACT']",797,20767,-500,0.96,12694,42.7,13194,0.61,0.64
repo,Poland,"['PRIDE', 'ESC', 'AGG', 'Vexed']",505,13254,-657,0.93,8647,46.6,9304,0.65,0.7
neaLaN,Kazakhstan,"['K23', 'Syman']",1043,27804,-1301,0.93,18064,55.9,19365,0.65,0.7
DANZ,Australia,"['Kanga', 'Corvidae', 'AVANT']",391,10173,-620,0.92,6730,42.6,7350,0.66,0.72
emi,Serbia,"['Valiance', 'Binary Dragons', 'iNation']",1067,27762,-1223,0.94,17763,52.2,18986,0.64,0.68
Duplicate,Bulgaria,"['SKADE', 'FATE']",804,21453,-1029,0.93,13549,51.5,14578,0.63,0.68
hutji,Russia,['Vega Squadron'],453,12010,-664,0.92,7719,48.4,8383,0.64,0.7
crisby,Germany,"['ALTERNATE aTTaX', 'EURONICS', 'Unicorns of Love']",1209,31542,-1813,0.92,20610,54.4,22423,0.65,0.71
matty,Poland,"['EC Brugge', 'Izako Boars']",536,14203,-696,0.93,9201,40.6,9897,0.65,0.7
mynio,Poland,"['Wisla Krakow', 'Anonymo']",764,20489,-1233,0.91,13302,44.5,14532,0.65,0.71
SkulL,Australia,"['Genuine', 'Taboo', 'Masterminds', 'Chiefs']",596,15590,-1057,0.91,10266,42.5,11323,0.66,0.73
quix,Sweden,"['Lilmix', 'Vexed', 'Publiclir.se']",929,24614,-1786,0.9,16451,47.2,18234,0.67,0.74
ztr,Sweden,"['Young Ninjas', 'NIP']",381,10224,-571,0.92,6534,51.1,7105,0.64,0.69
kiR,Denmark,['Tricked'],555,14958,-957,0.91,9650,61.5,10607,0.65,0.71
TACO,Brazil,"['GODSENT', 'SK', 'MIBR', 'Liquid', 'Luminosity']",1377,35777,-1327,0.94,21773,50.2,23100,0.61,0.65
aVN,Serbia,"['4glory', 'lvlUP', 'BLUEJAYS', 'Juggernauts']",550,14647,-696,0.93,9305,52.9,10001,0.64,0.68
S0tF1k,Russia,"['Spirit', 'Espada']",1289,33952,-1903,0.92,21364,49.2,23267,0.63,0.69
hitMouse,Belarus,"['Nemiga', 'K29']",538,14028,-625,0.93,8785,49,9410,0.63,0.67
arki,Spain,['SAW'],860,22588,-1190,0.92,14064,52.5,15254,0.62,0.68
Xp3,France,"['Winterfox', 'Denial', 'ELEVATE']",502,13113,-792,0.91,8326,39.7,9118,0.63,0.7
sorrow,Kazakhstan,"['Unique', '100PG']",382,10245,-659,0.91,6548,55.3,7207,0.64,0.7
pNshr,Bulgaria,"['Windigo', 'ex-Outlaws']",595,15532,-809,0.92,9802,43.2,10611,0.63,0.68
MSL,Denmark,"['Dignitas', 'North']",1716,44836,-3251,0.9,28913,39.9,32164,0.64,0.72
SANJI,Uzbekistan,"['Virtus.pro', 'AVANGAR', 'Syman']",743,19879,-998,0.92,12151,62.2,13149,0.61,0.66
akez,Norway,"['777', 'Apeks']",471,12758,-882,0.9,8076,55.2,8958,0.63,0.7
ncl,Mongolia,"['TheMongolz', 'TIGER', 'Mazaalai']",516,13234,-617,0.93,8238,49.1,8855,0.62,0.67
Luz,Poland,"['PRIDE', 'Izako Boars']",650,17062,-971,0.92,10767,48.2,11738,0.63,0.69
Zeus,Ukraine,['Natus Vincere'],1405,37152,-1990,0.92,23470,43.5,25460,0.63,0.69
nak,Brazil,"['Sharks', 'RED Canids']",514,13305,-671,0.92,8158,44.5,8829,0.61,0.66
arya,United States,"['Splyce', '3sUP']",440,11291,-868,0.89,7277,34.9,8145,0.64,0.72
Dav,Serbia,"['Squared', 'ONYX']",439,11340,-752,0.9,7107,41.6,7859,0.63,0.69
karrigan,Denmark,"['FaZe', 'MOUZ', 'TSM']",1972,51662,-3456,0.9,32278,42.9,35734,0.62,0.69
pietola,Finland,['KOVA'],383,10178,-592,0.91,6256,47.1,6848,0.61,0.67
svyat,Russia,"['Hard Legion', 'DreamEaters', 'AVE']",734,19717,-1060,0.92,11975,51.9,13035,0.61,0.66
BTN,Romania,['Nexus'],1053,27584,-2026,0.9,17639,53.9,19665,0.64,0.71
xartE,Finland,"['SJ', 'HAVU', 'ENCE', 'hREDS']",1151,30254,-1635,0.92,18341,37.1,19976,0.61,0.66
tecek,Poland,"['Izako Boars', 'x-kom', 'VenatoreS']",376,9987,-838,0.88,6383,38.1,7221,0.64,0.72
LEGIJA,Germany,"['BIG', 'MOUZ', 'NRG']",869,22614,-1671,0.9,14245,49.8,15916,0.63,0.7
roman,Belarus,"['Nemiga', 'K29']",414,10880,-664,0.91,6787,55,7451,0.62,0.68
Shara,Ukraine,"[""spray'n'pray"", 'FlipSid3']",383,9929,-742,0.9,6329,51.8,7071,0.64,0.71
wayLander,Russia,"['FlipSid3', 'pro100', 'Winstrike']",794,20857,-1715,0.89,13258,51.8,14973,0.64,0.72
BONA,Finland,"['SJ', 'VITALIS', 'hREDS']",476,12674,-943,0.89,7931,52.1,8874,0.63,0.7
sAw,Finland,"['HAVU', 'iGame.com', 'RCTIC']",1267,33681,-2108,0.91,20522,47.9,22630,0.61,0.67
kRYSTAL,Germany,"['PENTA', 'ALTERNATE aTTaX', 'GODSENT']",1858,48588,-3407,0.9,29419,36.7,32826,0.61,0.68
MiGHTYMAX,United Kingdom,['Endpoint'],1163,30802,-2009,0.9,18176,49.2,20185,0.59,0.66
ben1337,United States,"['Party Astronauts', 'New England Whalers', 'High Coast']",910,23752,-1737,0.89,14572,46.7,16309,0.61,0.69
crush,Ukraine,"['pro100', 'Vega Squadron', 'HellRaisers']",729,19205,-1467,0.89,11789,52.5,13256,0.61,0.69
balblna,Russia,"['Quantum Bellator Fire', 'Winstrike']",611,16017,-1233,0.89,9791,49.8,11024,0.61,0.69
sycrone,Denmark,"['Sprout', 'North Academy', 'Tricked', 'Team123']",553,14608,-978,0.9,8771,41.1,9749,0.6,0.67
nkl,Bulgaria,"['E-frag.net', 'GPlay', 'MK', 'Orbit']",642,16554,-1046,0.91,9990,42.9,11036,0.6,0.67
hooch,Russia,"['EPG', 'Gambit']",894,23450,-1802,0.89,14410,41.8,16212,0.61,0.69
Golden,Sweden,"['fnatic', 'fnatic Academy', 'Cloud9']",872,23212,-2006,0.88,14225,53.5,16231,0.61,0.7
lunAtic,Poland,['PACT'],881,23964,-1709,0.9,14608,38.8,16317,0.61,0.68
Adam9130,United Kingdom,"['Into the Breach', 'GamerLegion', 'Vexed']",435,11715,-1074,0.87,7370,40.1,8444,0.63,0.72
FNS,Canada,"['CLG', 'TSM']",953,25080,-1794,0.89,15287,45.9,17081,0.61,0.68
spiker,Russia,"['Monolith', 'PiTER', 'Empire', 'Rebels']",415,10974,-974,0.88,6837,42.7,7811,0.62,0.71
JiNKZ,France,"['3DMAX', 'Heretics']",542,14411,-1193,0.88,8657,53.5,9850,0.6,0.68
MAiNLiNE,United States,"['Enemy', 'Selfless', 'eUnited', 'Method']",437,11092,-1064,0.87,6904,51.7,7968,0.62,0.72
Psycho,Ukraine,"['Run or Die', 'Project X', 'CR4ZY', 'Akuma', 'Windigo Academy']",500,13349,-1069,0.88,8093,52.2,9162,0.61,0.69
pronax,Sweden,"['fnatic', 'GODSENT']",1199,31403,-2267,0.89,18722,45.8,20989,0.6,0.67
Polen,United States,['Mythic'],435,11470,-978,0.88,7017,53.3,7995,0.61,0.7
ScrunK,Germany,"['ALTERNATE aTTaX', 'expert', 'EURONICS']",905,24046,-2454,0.86,14695,46.5,17149,0.61,0.71
Lambert,France,"['LDLC', 'EnVyUs Academy']",775,20411,-1581,0.88,11962,37.1,13543,0.59,0.66
LeX,United States,"['Mythic', 'Winterfox', 'Luminosity']",463,11937,-1263,0.85,7418,44.7,8680,0.62,0.73
torben,Denmark,['Fragsters'],532,13939,-1196,0.87,8176,49.5,9372,0.59,0.67
JD,Australia,"['madlikewizards', 'Athletico', 'TRUCKERS WITH ATTITUDE', 'Airborne', 'Noxide']",374,9620,-1105,0.85,6071,47,7176,0.63,0.75
seang@res,United States,"['Cloud9', 'Misfits', 'Echo Fox']",713,18391,-1629,0.87,10904,40.2,12533,0.59,0.68
daps,Canada,"['NRG', 'OpTic', 'Gen.G']",1075,28101,-2364,0.87,16274,40.2,18638,0.58,0.66
advent,China,"['ViCi', 'VG.CyberZen']",1066,27341,-2008,0.88,15322,49.9,17330,0.56,0.63
flowsicK,United States,"['Denial', 'Winterfox', 'Liquid']",395,10074,-1047,0.86,6257,47.4,7304,0.62,0.73
birdfromsky,Denmark,"['ECSTATIC', 'Lyngby Vikings']",767,20594,-1977,0.86,12296,41.8,14273,0.6,0.69
BERRY,Denmark,"['Ambush', 'OPAA']",801,20959,-2342,0.85,12969,38,15311,0.62,0.73
nawrot,Poland,"['AVEZ', 'Izako Boars']",603,16182,-1737,0.85,9764,47.1,11501,0.6,0.71
HooXi,Denmark,['Copenhagen Flames'],786,20907,-2132,0.85,12188,49.7,14320,0.58,0.68
def,Ukraine,"['pro100', 'ACG']",605,15797,-1593,0.85,9243,41.8,10836,0.59,0.69
djL,Sweden,"['Chaos', 'Japaleno', 'Red Reserve']",688,18180,-1735,0.86,10263,47.3,11998,0.56,0.66
Devilwalk,Sweden,"['fnatic', 'Epsilon']",400,10494,-1101,0.85,6122,51.3,7223,0.58,0.69
Twista,Finland,"['RCTIC', 'iGame.com', 'LGR']",380,9970,-1149,0.84,5863,35.9,7012,0.59,0.7
gob b,Germany,"['BIG', 'MOUZ', 'NRG']",975,25707,-2811,0.84,14445,48.5,17256,0.56,0.67
Slemmy,United States,"['Complexity', 'Cloud9', 'Selfless']",445,11663,-1313,0.83,6638,49.6,7951,0.57,0.68
SolEk,Switzerland,"['ALTERNATE aTTaX', 'Berzerk']",377,9498,-1285,0.81,5586,49.5,6871,0.59,0.72
PASHANOJ,Russia,"['Unique', 'ex-ETHEREAL']",599,15675,-2251,0.8,9147,53.5,11398,0.58,0.73
B1ad3,Ukraine,['FlipSid3'],899,23232,-3408,0.8,13472,41.9,16880,0.58,0.73
netrick,Denmark,"['AGF', 'unknown', 'LPSP', 'Forcebuy']",455,11976,-1736,0.8,6753,48.2,8489,0.56,0.71
HUNDEN,Denmark,"['Tricked', 'ALTERNATE aTTaX']",1578,41153,-6238,0.78,22470,48.7,28708,0.55,0.7
RuFire,Russia,"['SG.pro', '5balls', 'VP.Prodigy']",384,10185,-1927,0.74,5579,47.9,7506,0.55,0.74
OCEAN,Canada,"['subtLe', 'SKDC', 'Splyce']",410,10602,-1962,0.74,5530,44.3,7492,0.52,0.71
